unique_id,gender,hold racket handed,play years_0,play years_1,play years_2,level_2,level_3,level_4,level_5
1968,0.9924,0.929,0.9915,0.0085,0.0,0.0,0.9983,0.0,0.0017
1969,1.0,0.947,0.0006,0.9961,0.0033,0.0,0.0,0.0,1.0
1970,0.9994,0.947,0.0,0.9968,0.0032,0.0,0.0,0.0,1.0
1971,0.9988,0.947,0.0,0.9999,0.0001,0.0,0.0,0.0,1.0
1972,0.9445,0.947,0.0005,0.9926,0.0068,0.0,0.0003,0.0,0.9997
1973,0.9782,0.947,0.259,0.4315,0.3095,0.9973,0.0009,0.0,0.0017
1974,0.9981,0.947,0.0,0.9995,0.0005,0.0,0.0,0.0,1.0
1975,1.0,0.947,0.3255,0.6588,0.0157,0.0,0.0,0.0,1.0
1976,1.0,0.947,0.0071,0.9899,0.003,0.0,0.0365,0.0005,0.9631
1977,0.9985,0.947,0.0,0.9998,0.0002,0.0,0.0,0.0,1.0
1978,0.9996,0.947,0.0,0.9998,0.0002,0.0,0.0,0.0,1.0
1979,0.9987,0.939,0.0,0.9999,0.0,0.0002,0.9902,0.0,0.0096
1980,0.0105,0.432,0.0013,0.5516,0.4471,0.9926,0.0,0.0069,0.0005
1981,0.9941,0.329,0.0028,0.9965,0.0008,0.001,0.0301,0.0001,0.9688
1982,0.9993,0.947,0.0,1.0,0.0,0.0,0.0,0.0,1.0
1983,0.999,0.373,0.0013,0.9807,0.018,0.0063,0.2077,0.0015,0.7845
1984,1.0,0.946,0.1392,0.0008,0.86,0.1398,0.0001,0.0,0.8601
1985,1.0,0.361,0.0001,0.9999,0.0,0.0,0.0,0.0,1.0
1986,1.0,0.947,0.7216,0.2783,0.0001,0.0,0.0116,0.0,0.9884
1987,0.9999,0.897,0.0,0.9933,0.0067,0.0002,0.7861,0.0004,0.2133
1988,1.0,0.945,0.0,0.0883,0.9117,1.0,0.0,0.0,0.0
1989,0.9983,0.947,0.0005,0.9959,0.0036,0.0,0.0004,0.0,0.9996
1990,1.0,0.334,0.0,1.0,0.0,0.0,0.0,0.0,1.0
1991,1.0,0.947,0.1242,0.7172,0.1587,0.9476,0.0476,0.0,0.0047
1992,0.993,0.947,0.0001,0.9989,0.001,0.0,0.0001,0.0,0.9999
1993,0.9796,0.337,0.0638,0.9347,0.0015,0.0003,0.0038,0.0009,0.9951
1994,1.0,0.947,0.0143,0.9777,0.008,0.0001,0.0636,0.0,0.9363
1995,0.7836,0.947,0.0059,0.9941,0.0,0.0003,0.9991,0.0,0.0006
1996,0.0001,0.897,0.0,1.0,0.0,0.0,0.0006,0.001,0.9983
1997,0.0919,0.947,0.0002,0.9998,0.0,0.0,0.0005,0.0,0.9995
1998,1.0,0.947,0.0021,0.9968,0.0012,0.0,0.0012,0.0,0.9988
1999,1.0,0.947,0.0,0.9999,0.0001,0.0,0.0,0.0,1.0
2000,0.9411,0.946,0.0529,0.9335,0.0136,0.024,0.9715,0.0,0.0045
2001,0.2265,0.947,0.0109,0.9891,0.0,0.0001,0.9948,0.0,0.0052
2002,1.0,0.929,0.0012,0.7829,0.2159,0.0,0.9999,0.0,0.0001
2003,0.9702,0.947,0.0002,0.9995,0.0003,0.0,0.0001,0.0,0.9999
2004,1.0,0.947,1.0,0.0,0.0,0.3588,0.6405,0.0,0.0006
2005,0.0001,0.478,0.0,0.1073,0.8927,1.0,0.0,0.0,0.0
2006,1.0,0.337,0.0188,0.9784,0.0029,0.0007,0.0024,0.0001,0.9969
2007,1.0,0.345,0.0008,0.9992,0.0,0.0,0.0001,0.0,0.9999
2008,0.9999,0.421,0.0074,0.9924,0.0002,0.0017,0.8834,0.0121,0.1028
2009,0.9338,0.406,0.1377,0.8622,0.0001,0.0001,0.0262,0.0031,0.9705
2010,0.0046,0.947,0.0,1.0,0.0,0.0,0.0005,0.0,0.9994
2011,1.0,0.346,0.0001,0.9999,0.0,0.0,0.0001,0.0,0.9999
2012,0.998,0.947,0.7062,0.1953,0.0985,0.7926,0.2017,0.0001,0.0056
2013,0.0023,0.947,0.0,1.0,0.0,0.0,0.0003,0.0,0.9996
2014,0.9984,0.947,0.0,0.9999,0.0001,0.0,0.0,0.0,1.0
2015,0.9997,0.384,0.0002,0.7464,0.2533,0.0627,0.007,0.0012,0.9292
2016,0.9974,0.946,0.3169,0.6828,0.0003,0.0002,0.9993,0.0,0.0005
2017,0.9669,0.947,0.0,0.9977,0.0023,0.0,0.0,0.0,1.0
2018,1.0,0.947,0.0172,0.9799,0.0029,0.0,0.0353,0.0,0.9646
2019,0.9834,0.947,0.0,1.0,0.0,0.0,0.0,0.0,1.0
2020,0.0001,0.471,0.0,0.728,0.272,0.9999,0.0,0.0001,0.0
2021,0.0048,0.654,0.0051,0.1007,0.8942,0.9944,0.0,0.0001,0.0055
2022,0.0001,0.462,0.0,0.9697,0.0303,0.9998,0.0,0.0002,0.0
2023,1.0,0.929,0.0,0.9895,0.0105,0.0001,0.7526,0.0002,0.2471
2024,0.7876,0.947,0.0002,0.9997,0.0001,0.0,0.0025,0.0001,0.9974
2025,0.9657,0.947,0.0002,0.9703,0.0294,0.0012,0.1904,0.0025,0.8059
2026,1.0,0.947,0.2297,0.0193,0.7511,0.0037,0.9963,0.0,0.0
2027,0.3313,0.947,0.0,0.011,0.989,1.0,0.0,0.0,0.0
2028,1.0,0.344,0.2706,0.7294,0.0001,0.0,0.0074,0.0,0.9925
2029,1.0,0.947,0.004,0.9942,0.0018,0.0001,0.0583,0.0,0.9416
2030,0.0825,0.947,0.0283,0.9717,0.0,0.001,0.9922,0.0,0.0068
2031,1.0,0.947,0.0009,0.9928,0.0063,0.0,0.9962,0.0,0.0038
2032,1.0,0.947,0.0236,0.9751,0.0013,0.0,0.0,0.0,1.0
2033,1.0,0.947,0.9998,0.0,0.0002,0.9877,0.0014,0.0,0.0109
2034,0.1421,0.945,0.7667,0.2327,0.0006,0.0094,0.9734,0.0,0.0172
2035,1.0,0.424,0.0,1.0,0.0,0.0,0.0,0.0,1.0
2036,0.968,0.947,0.0001,0.9999,0.0,0.0,0.0118,0.0002,0.9881
2037,0.9757,0.947,0.454,0.3155,0.2305,0.9989,0.0001,0.0,0.001
2038,1.0,0.947,0.9285,0.0692,0.0023,0.0001,0.1158,0.0001,0.884
2039,1.0,0.947,0.2,0.7964,0.0035,0.0001,0.9828,0.0,0.0171
2040,0.9998,0.947,0.0071,0.9918,0.0011,0.0,0.9999,0.0,0.0001
2041,0.3936,0.947,0.0001,0.9999,0.0,0.0,0.0005,0.0,0.9994
2042,1.0,0.947,0.0323,0.9524,0.0153,0.6025,0.3919,0.0001,0.0054
2043,1.0,0.947,0.9784,0.0194,0.0022,0.0007,0.2347,0.0001,0.7646
2044,0.9882,0.947,0.0,0.0,1.0,1.0,0.0,0.0,0.0
2045,0.9616,0.947,0.0,0.9981,0.0019,0.0,0.0001,0.0,0.9999
2046,1.0,0.947,0.8895,0.106,0.0045,0.0,0.0033,0.0,0.9967
2047,0.8208,0.947,0.0025,0.9957,0.0019,0.0,0.0021,0.0,0.9979
2048,0.9999,0.947,0.0,0.9995,0.0005,0.0,1.0,0.0,0.0
2049,0.9999,0.947,0.0,0.9995,0.0005,0.0,0.0001,0.0,0.9999
2050,1.0,0.947,0.0084,0.3693,0.6222,0.9666,0.0016,0.0,0.0318
2051,0.9983,0.943,0.0109,0.5138,0.4753,0.3057,0.6912,0.0,0.0031
2052,0.9929,0.947,0.0001,0.9998,0.0,0.0,0.0,0.0,1.0
2053,0.9957,0.947,0.9993,0.0001,0.0006,0.0513,0.0,0.0008,0.948
2054,0.9886,0.946,0.0008,0.9979,0.0012,0.9952,0.001,0.0,0.0038
2055,0.9985,0.947,0.0,1.0,0.0,0.0,0.0,0.0,1.0
2056,0.9988,0.946,0.0314,0.9588,0.0097,0.9427,0.0544,0.0,0.0028
2057,0.4151,0.947,0.0195,0.9805,0.0,0.0,0.9413,0.0001,0.0586
2058,0.8476,0.947,0.0,0.9999,0.0001,0.0,0.0011,0.0,0.9989
2059,0.0039,0.947,0.0,1.0,0.0,0.0,0.0013,0.0001,0.9987
2060,1.0,0.947,0.0004,0.9948,0.0048,0.0,0.0057,0.0,0.9943
2061,0.9977,0.947,0.0015,0.9985,0.0,0.0,0.9999,0.0,0.0001
2062,0.9998,0.947,0.9023,0.0977,0.0,0.0,0.0,0.0892,0.9108
2063,0.9994,0.947,0.0002,0.9949,0.0049,0.0,0.975,0.0,0.025
2064,0.9999,0.372,0.0061,0.9922,0.0017,0.0022,0.0356,0.007,0.9551
2065,0.9914,0.946,0.6971,0.298,0.0049,0.0577,0.0023,0.0004,0.9396
2066,0.0006,0.945,0.0,0.0117,0.9882,0.9999,0.0,0.0,0.0001
2067,1.0,0.352,0.0,0.9992,0.0008,0.0011,0.0,0.0,0.9989
2068,0.9982,0.353,0.8424,0.1569,0.0007,0.0049,0.6648,0.0097,0.3207
2069,0.9997,0.947,0.0032,0.3313,0.6655,0.64,0.3599,0.0,0.0
2070,0.9999,0.947,0.0,0.6773,0.3227,0.0,0.0067,0.0002,0.993
2071,1.0,0.329,0.0066,0.9878,0.0056,0.0012,0.0043,0.0003,0.9942
2072,0.9935,0.337,0.0418,0.9515,0.0067,0.0003,0.0012,0.0006,0.9979
2073,1.0,0.337,0.0187,0.9775,0.0038,0.0005,0.0027,0.0001,0.9968
2074,0.0052,0.947,0.0,1.0,0.0,0.0,0.0002,0.0001,0.9997
2075,0.9985,0.947,0.2053,0.0658,0.7289,0.9979,0.0,0.0,0.0021
2076,0.9887,0.947,0.0236,0.7472,0.2292,0.0721,0.9279,0.0,0.0001
2077,0.9999,0.947,0.0028,0.9971,0.0001,0.0,1.0,0.0,0.0
2078,1.0,0.947,0.9962,0.0038,0.0,0.0,0.9999,0.0,0.0001
2079,0.0,0.825,0.0,0.0418,0.9582,1.0,0.0,0.0,0.0
2080,1.0,0.929,0.0001,0.9874,0.0125,0.0001,0.4654,0.0028,0.5317
2081,1.0,0.339,0.0321,0.9671,0.0008,0.0017,0.0406,0.0001,0.9576
2082,1.0,0.946,0.8929,0.0735,0.0336,0.0068,0.0,0.0,0.9932
2083,0.1918,0.942,0.0005,0.9978,0.0017,0.0,0.0085,0.0006,0.9909
2084,1.0,0.947,0.1214,0.865,0.0136,0.7527,0.2232,0.0001,0.024
2085,1.0,0.947,0.0002,0.9951,0.0047,0.0,0.0002,0.0,0.9997
2086,0.9993,0.947,0.0001,0.999,0.0009,0.0,0.0,0.0,1.0
2087,1.0,0.947,0.3181,0.6814,0.0004,0.0003,0.4296,0.0,0.5701
2088,0.9973,0.947,0.0002,0.9996,0.0002,0.0002,0.2259,0.0,0.7738
2089,1.0,0.947,0.0032,0.9913,0.0056,0.0001,0.1477,0.0001,0.8521
2090,1.0,0.947,0.0308,0.9681,0.0011,0.0,0.0879,0.0001,0.912
2091,0.7201,0.947,0.0014,0.9986,0.0,0.0021,0.9962,0.0,0.0017
2092,0.0001,0.947,0.0002,0.9998,0.0,0.0,0.0075,0.0002,0.9923
2093,0.9941,0.947,0.0,0.9999,0.0001,0.0,0.0,0.0,1.0
2094,1.0,0.947,0.02,0.9759,0.0041,0.0001,0.8768,0.0,0.1231
2095,0.9999,0.334,0.0116,0.9873,0.0011,0.0022,0.0938,0.0103,0.8937
2096,0.2167,0.947,0.0323,0.0395,0.9282,0.0017,0.0075,0.0072,0.9836
2097,1.0,0.503,0.0,1.0,0.0,0.0,0.0,0.0,1.0
2098,1.0,0.947,0.0276,0.9066,0.0657,0.0015,0.9985,0.0,0.0
2099,1.0,0.94,0.0049,0.9885,0.0066,0.0001,0.768,0.0002,0.2317
2100,0.9996,0.944,0.0022,0.0001,0.9977,0.9929,0.0,0.0,0.007
2101,0.9929,0.947,0.6343,0.3278,0.0379,0.2825,0.0009,0.003,0.7136
2102,1.0,0.341,0.0732,0.9268,0.0001,0.0001,0.9532,0.0402,0.0065
2103,1.0,0.947,0.1807,0.7006,0.1187,0.0,0.0002,0.0,0.9997
2104,0.9998,0.947,0.7719,0.0387,0.1894,0.1641,0.0316,0.0002,0.8041
2105,0.9997,0.947,0.0,0.9992,0.0008,0.0,0.0,0.0,0.9999
2106,0.0215,0.947,0.0,1.0,0.0,0.0,0.0011,0.0001,0.9988
2107,0.9966,0.947,0.0,0.9999,0.0001,0.0,0.0,0.0,1.0
2108,0.9981,0.947,0.0,0.9998,0.0001,0.0,0.0,0.0,1.0
2109,1.0,0.947,0.0007,0.9989,0.0004,0.0,0.0104,0.0001,0.9895
2110,0.9996,0.947,0.8663,0.0055,0.1282,0.9711,0.0001,0.0,0.0288
2111,0.9979,0.947,0.0,0.016,0.984,1.0,0.0,0.0,0.0
2112,0.9997,0.947,0.003,0.9908,0.0062,0.0006,0.4642,0.0007,0.5346
2113,0.9883,0.947,0.0001,0.9998,0.0001,0.6551,0.34,0.0,0.0049
2114,1.0,0.947,0.9495,0.0503,0.0002,0.0,0.0,0.0014,0.9986
2115,0.0,0.94,0.0018,0.9982,0.0,0.0,0.0004,0.0087,0.991
2116,0.9838,0.947,0.0101,0.9866,0.0032,0.3016,0.6864,0.0001,0.0119
2117,0.9983,0.947,0.005,0.9917,0.0033,0.3445,0.6528,0.0,0.0026
2118,1.0,0.947,0.0002,0.9907,0.0091,0.0,0.0,0.0,1.0
2119,1.0,0.362,0.0386,0.9611,0.0003,0.0002,0.0005,0.0,0.9994
2120,1.0,0.363,0.0,1.0,0.0,0.0,0.0,0.0,1.0
2121,0.4281,0.947,0.0,1.0,0.0,0.0,0.0005,0.0,0.9995
2122,1.0,0.947,0.0007,0.2042,0.7952,0.9309,0.069,0.0,0.0001
2123,0.9911,0.947,0.0,0.9999,0.0001,0.0,0.0,0.0,1.0
2124,0.0,0.947,0.0,1.0,0.0,0.0,0.0002,0.0002,0.9996
2125,1.0,0.947,0.0003,0.9976,0.002,0.0,0.0,0.0,1.0
2126,0.9998,0.384,0.1048,0.8947,0.0005,0.0009,0.4244,0.0694,0.5053
2127,0.0,0.947,0.0009,0.9991,0.0,0.0,0.0035,0.0002,0.9963
2128,1.0,0.947,0.2332,0.7656,0.0012,0.0,0.0,0.0,1.0
2129,1.0,0.947,0.6912,0.3083,0.0005,0.0,0.0038,0.0001,0.9961
2130,0.9997,0.365,0.0045,0.9954,0.0002,0.002,0.7283,0.0187,0.2509
2131,1.0,0.947,0.0002,0.8854,0.1145,0.0001,0.8639,0.0001,0.136
2132,0.9999,0.947,0.0364,0.0952,0.8684,0.9535,0.0442,0.0,0.0023
2133,0.9996,0.947,0.0,0.9997,0.0003,0.0,0.0,0.0,1.0
2134,1.0,0.947,0.0707,0.9197,0.0096,0.0,0.0002,0.0,0.9997
2135,1.0,0.365,0.0017,0.9983,0.0,0.0,0.0004,0.0,0.9996
2136,1.0,0.947,0.0017,0.0423,0.956,0.0494,0.9506,0.0,0.0
2137,0.9998,0.329,0.0013,0.9984,0.0003,0.0021,0.1651,0.0005,0.8324
2138,1.0,0.947,0.0006,0.9975,0.0019,0.0,0.0,0.0,1.0
2139,0.9998,0.947,0.0,0.9999,0.0001,0.0,0.0001,0.0,0.9999
2140,0.9999,0.947,0.0,0.9993,0.0007,0.0,0.0,0.0,1.0
2141,0.9575,0.947,0.0112,0.9887,0.0001,0.0017,0.9556,0.0,0.0428
2142,0.8648,0.358,0.0099,0.9898,0.0003,0.0003,0.0071,0.0003,0.9923
2143,0.9998,0.947,0.0098,0.9757,0.0146,0.0007,0.8104,0.0002,0.1887
2144,0.9985,0.946,0.0,1.0,0.0,0.0,0.0015,0.0001,0.9984
2145,1.0,0.947,0.0386,0.9316,0.0298,0.8378,0.0196,0.0001,0.1425
2146,0.9791,0.947,0.0,0.9995,0.0004,0.0,0.0,0.0,1.0
2147,0.0,0.917,0.0,1.0,0.0,0.0,0.0001,0.0002,0.9997
2148,0.9997,0.947,0.0011,0.9982,0.0007,0.0,0.0001,0.0001,0.9998
2149,1.0,0.337,0.0377,0.9495,0.0128,0.1084,0.5321,0.0011,0.3583
2150,1.0,0.344,0.0,1.0,0.0,0.0,0.0,0.0,1.0
2151,0.9967,0.946,0.6975,0.1469,0.1556,0.9915,0.0001,0.0,0.0084
2152,0.0,0.895,0.0,1.0,0.0,0.0,0.0,0.0002,0.9998
2153,0.9988,0.944,0.0,0.0,1.0,1.0,0.0,0.0,0.0
2154,0.8183,0.947,0.0,0.9996,0.0003,0.0,0.0001,0.0,0.9999
2155,0.6762,0.331,0.0342,0.9658,0.0,0.0003,0.0412,0.0003,0.9581
2156,0.9768,0.947,0.0049,0.9807,0.0144,0.0023,0.03,0.0,0.9677
2157,1.0,0.947,0.0003,0.9963,0.0034,0.0,0.0001,0.0,0.9999
2158,1.0,0.337,0.0067,0.9903,0.003,0.0011,0.0026,0.0001,0.9962
2159,0.9974,0.947,0.0042,0.991,0.0047,0.0,0.0018,0.0,0.9982
2160,1.0,0.947,0.2943,0.7049,0.0008,0.0,0.0003,0.0,0.9997
2161,0.9999,0.947,0.0,0.9977,0.0022,0.0,0.0,0.0,0.9999
2162,0.0,0.929,0.0,1.0,0.0,0.0,0.0,0.0002,0.9998
2163,1.0,0.947,0.0121,0.9813,0.0066,0.0,0.0455,0.0,0.9544
2164,0.0,0.934,0.0,1.0,0.0,0.0,0.0,0.0021,0.9979
2165,1.0,0.947,0.6858,0.3069,0.0072,0.0,0.0016,0.0,0.9984
2166,0.9989,0.947,0.0,0.0001,0.9999,1.0,0.0,0.0,0.0
2167,0.9991,0.947,0.0001,0.9995,0.0003,0.0,0.0009,0.0,0.999
2168,0.9999,0.34,0.0068,0.9837,0.0095,0.004,0.0169,0.0005,0.9787
2169,0.0002,0.947,0.0003,0.0051,0.9946,0.9967,0.0,0.0001,0.0032
2170,1.0,0.947,0.0144,0.8898,0.0958,0.0,0.022,0.0,0.978
2171,0.9854,0.947,0.0162,0.959,0.0248,0.0012,0.9414,0.0017,0.0556
2172,0.127,0.947,0.6103,0.3865,0.0033,0.0281,0.4743,0.0001,0.4975
2173,0.8153,0.337,0.0669,0.933,0.0002,0.0003,0.037,0.0006,0.9621
2175,1.0,0.346,0.0939,0.906,0.0001,0.0002,0.1307,0.0001,0.869
2176,1.0,0.947,0.9304,0.001,0.0687,0.6108,0.0001,0.0001,0.389
2177,0.0026,0.947,0.0,1.0,0.0,0.0,0.0009,0.0001,0.999
2178,0.9924,0.947,0.0001,0.9946,0.0054,0.0001,0.0059,0.0007,0.9933
2179,0.9974,0.941,0.0286,0.8771,0.0943,0.0002,0.0074,0.0,0.9923
2180,1.0,0.344,0.0,1.0,0.0,0.0,0.0,0.0,1.0
2181,0.9547,0.946,0.0009,0.0003,0.9988,0.9997,0.0,0.0,0.0002
2183,1.0,0.947,0.0809,0.905,0.014,0.1114,0.8838,0.0,0.0048
2184,1.0,0.946,0.9941,0.0001,0.0058,0.7973,0.0,0.0001,0.2025
2185,0.9988,0.947,0.0122,0.1511,0.8367,0.9855,0.0014,0.0,0.0131
2186,0.9999,0.347,0.0279,0.971,0.0011,0.003,0.2454,0.0332,0.7184
2187,0.541,0.947,0.0014,0.0007,0.9979,0.9998,0.0,0.0,0.0001
2188,1.0,0.947,0.0016,0.9939,0.0045,0.0001,0.0525,0.0001,0.9473
2189,1.0,0.947,0.0036,0.7597,0.2368,0.4062,0.058,0.0002,0.5355
2190,0.9999,0.947,0.0022,0.9776,0.0202,0.0,0.0021,0.0,0.9978
2191,1.0,0.34,0.0144,0.9848,0.0009,0.0001,0.0001,0.0,0.9998
2192,0.9938,0.947,0.0,0.9985,0.0015,0.0,0.0,0.0,1.0
2193,1.0,0.947,0.0003,0.995,0.0047,0.0,0.0346,0.0001,0.9653
2194,0.2391,0.947,0.0017,0.9983,0.0,0.0,0.2058,0.0007,0.7935
2195,0.0003,0.909,0.0,1.0,0.0,0.0,0.0001,0.0002,0.9997
2196,0.9121,0.947,0.0,0.999,0.001,0.0,0.0063,0.0001,0.9936
2197,1.0,0.329,0.0211,0.9732,0.0057,0.0012,0.0041,0.0002,0.9945
2198,0.5516,0.947,0.0012,0.9988,0.0,0.0,0.2967,0.0006,0.7028
2199,0.992,0.947,0.0,1.0,0.0,0.0,0.0007,0.0001,0.9992
2200,0.9926,0.946,0.0076,0.991,0.0014,0.0,0.0,0.0006,0.9994
2201,0.9995,0.947,0.9917,0.0059,0.0023,0.9213,0.0004,0.0002,0.0782
2202,0.0,0.947,0.0001,0.9999,0.0,0.0,0.0006,0.0019,0.9975
2203,0.1326,0.947,0.0,1.0,0.0,0.0,0.0003,0.0001,0.9996
2204,1.0,0.384,0.3768,0.623,0.0002,0.0005,0.9819,0.0042,0.0135
2205,1.0,0.947,0.0224,0.1018,0.8758,0.9997,0.0,0.0,0.0003
2206,0.0321,0.947,0.0,0.9999,0.0,0.0,0.0016,0.0001,0.9983
2207,1.0,0.945,0.0621,0.0025,0.9354,0.8005,0.0,0.0,0.1994
2208,0.0003,0.947,0.0,1.0,0.0,0.0,0.0001,0.0,0.9999
2209,0.9948,0.946,0.7687,0.2168,0.0145,0.0,0.0,0.0002,0.9998
2210,0.9996,0.947,0.0,0.9994,0.0006,0.0,0.0,0.0,1.0
2211,0.9994,0.947,0.2103,0.3412,0.4485,0.9998,0.0,0.0,0.0001
2212,0.9984,0.947,0.0151,0.9849,0.0,0.0,0.9997,0.0,0.0002
2213,1.0,0.342,0.5066,0.4931,0.0003,0.0,0.0047,0.0,0.9953
2214,0.9977,0.947,0.1052,0.8937,0.0011,0.0001,0.8988,0.0,0.101
2215,0.996,0.947,0.0006,0.9936,0.0059,0.0,0.0024,0.0,0.9976
2216,1.0,0.334,0.2115,0.7885,0.0,0.0,0.2478,0.7435,0.0088
2217,0.9954,0.945,0.0018,0.9979,0.0002,0.0001,0.9998,0.0,0.0001
2218,0.9678,0.947,0.0,0.9262,0.0738,0.0002,0.0282,0.0006,0.9709
2219,1.0,0.947,0.0592,0.9105,0.0303,0.9119,0.0847,0.0,0.0033
2220,0.8177,0.383,0.1031,0.8967,0.0002,0.0004,0.0208,0.0004,0.9784
2221,0.9257,0.947,0.0168,0.9832,0.0,0.0,0.9997,0.0,0.0003
2222,0.0,0.947,0.0005,0.9995,0.0,0.0,0.0003,0.0043,0.9955
2223,0.9907,0.329,0.0097,0.9902,0.0001,0.0004,0.9506,0.0001,0.049
2224,0.9999,0.947,0.001,0.9984,0.0006,0.0,1.0,0.0,0.0
2225,0.9997,0.947,0.0,0.9986,0.0014,0.0,0.0,0.0,1.0
2226,1.0,0.329,0.0,1.0,0.0,0.0,0.0,0.0,1.0
2227,0.9943,0.944,0.8349,0.1634,0.0017,0.0011,0.8345,0.0001,0.1643
2228,1.0,0.377,0.0001,0.8082,0.1917,0.7741,0.2107,0.0054,0.0098
2229,0.9991,0.947,0.0,0.9987,0.0013,0.0,0.0,0.0,1.0
2230,1.0,0.941,0.0036,0.9957,0.0007,0.0028,0.9911,0.0,0.0061
2231,1.0,0.947,0.0062,0.027,0.9669,0.9983,0.0007,0.0,0.001
2232,0.9999,0.944,0.0,0.0,1.0,0.9973,0.0,0.0,0.0027
2233,1.0,0.329,0.0261,0.9737,0.0001,0.0,0.0006,0.0,0.9994
2234,1.0,0.947,0.7446,0.1968,0.0586,0.0117,0.0,0.0,0.9883
2235,1.0,0.906,0.0,1.0,0.0,0.0,0.0,0.0001,0.9999
2236,1.0,0.946,0.0114,0.85,0.1386,0.0001,0.0001,0.0,0.9998
2237,0.3993,0.947,0.0,0.9998,0.0002,0.0,0.0009,0.0,0.9991
2238,1.0,0.927,0.3843,0.6048,0.0109,0.0004,0.9996,0.0,0.0
2239,0.0027,0.947,0.0,1.0,0.0,0.0,0.0005,0.0,0.9995
2240,0.0,0.899,0.0,1.0,0.0,0.0,0.0002,0.0003,0.9995
2241,1.0,0.947,0.2751,0.7045,0.0204,0.8055,0.1847,0.0001,0.0097
2243,0.5721,0.947,0.0146,0.9853,0.0001,0.0,0.3385,0.0002,0.6612
2244,0.9852,0.947,0.0076,0.9911,0.0013,0.0,0.0101,0.0,0.9898
2245,0.9997,0.367,0.0409,0.9584,0.0007,0.0022,0.345,0.0294,0.6234
2246,1.0,0.943,0.0029,0.9948,0.0023,0.001,0.9982,0.0,0.0008
2247,1.0,0.947,0.0012,0.9941,0.0046,0.0,0.0,0.0,1.0
2248,0.9999,0.947,0.0005,0.9984,0.0011,0.0,0.014,0.0002,0.9858
2249,0.9995,0.947,0.0001,0.8934,0.1066,0.0,0.2856,0.0007,0.7136
2250,0.9992,0.947,0.0,0.9997,0.0003,0.0,0.0,0.0,1.0
2251,1.0,0.523,0.0,0.0,1.0,0.0,0.0,0.0,1.0
2252,0.9997,0.905,0.0053,0.9851,0.0096,0.9801,0.0077,0.0004,0.0118
2253,0.8645,0.947,0.0001,0.9989,0.001,0.0,0.0002,0.0,0.9997
2254,0.0001,0.896,0.0,1.0,0.0,0.0,0.0,0.0002,0.9997
2255,0.9987,0.947,0.0,0.9999,0.0,0.0,0.0001,0.0001,0.9999
2256,1.0,0.946,0.0073,0.9891,0.0036,0.9892,0.0067,0.0,0.004
2257,0.0651,0.947,0.0004,0.9996,0.0,0.0,0.0016,0.0,0.9984
2258,1.0,0.358,0.0004,0.9996,0.0,0.0,0.0012,0.0,0.9987
2259,1.0,0.947,0.0111,0.9864,0.0024,0.8885,0.1071,0.0,0.0043
2260,0.9823,0.947,0.0,1.0,0.0,0.0,0.0005,0.0,0.9995
2261,0.9992,0.947,0.1081,0.7697,0.1222,0.8271,0.0986,0.0002,0.0741
2262,0.9973,0.929,0.0001,0.9984,0.0015,0.0,0.4258,0.0013,0.5729
2263,1.0,0.947,0.0001,0.9993,0.0006,0.0,0.0,0.0,1.0
2264,0.0654,0.947,0.026,0.9737,0.0003,0.0,0.1448,0.0004,0.8548
2265,0.9942,0.947,0.0021,0.9938,0.0042,0.0,0.0003,0.0,0.9997
2266,1.0,0.896,0.0001,0.9924,0.0075,0.0001,0.3104,0.0013,0.6882
2267,1.0,0.947,0.0254,0.0755,0.8991,0.9705,0.0047,0.0001,0.0247
2268,1.0,0.92,0.0,0.9992,0.0008,0.0,0.6993,0.0,0.3007
2269,1.0,0.947,0.0314,0.212,0.7566,0.299,0.7008,0.0,0.0002
2270,1.0,0.333,0.0001,0.9999,0.0,0.0,0.0003,0.0,0.9997
2271,0.0291,0.947,0.0,1.0,0.0,0.0,0.0003,0.0105,0.9892
2272,0.3486,0.947,0.0001,0.999,0.0009,0.0,0.0002,0.0,0.9998
2273,1.0,0.946,0.0032,0.8606,0.1362,0.0098,0.0,0.0001,0.9901
2274,0.9888,0.947,0.0,0.999,0.001,0.0,0.0001,0.0,0.9999
2275,0.4963,0.947,0.0,0.0039,0.9961,1.0,0.0,0.0,0.0
2276,0.9995,0.947,0.0,0.9988,0.0012,0.0,0.0,0.0,1.0
2277,0.9995,0.947,0.0,0.9999,0.0001,0.0,0.0162,0.0001,0.9836
2278,1.0,0.356,0.0004,0.9996,0.0001,0.0,0.0,0.0,1.0
2279,0.9633,0.947,0.0,0.0,1.0,0.9998,0.0,0.0,0.0002
2280,0.9999,0.371,0.0065,0.9923,0.0013,0.0034,0.0321,0.0008,0.9637
2281,1.0,0.337,0.0061,0.988,0.0059,0.0011,0.0036,0.0002,0.9951
2282,0.9999,0.947,0.0,0.9987,0.0013,0.0,0.0,0.0,1.0
2283,0.9641,0.947,0.0,0.0001,0.9998,0.9994,0.0,0.0001,0.0006
2284,1.0,0.945,0.6304,0.3585,0.0111,0.0001,0.9992,0.0,0.0006
2285,1.0,0.947,0.3434,0.6563,0.0004,0.0,0.9996,0.0,0.0003
2286,0.9693,0.893,0.0,0.9996,0.0003,0.0,0.4994,0.0025,0.4981
2287,0.3029,0.906,0.0,1.0,0.0,0.0,0.0008,0.0399,0.9593
2288,1.0,0.947,0.0091,0.0078,0.9831,0.9983,0.0,0.0,0.0017
2289,0.7424,0.947,0.026,0.974,0.0,0.0,0.9998,0.0,0.0002
2290,0.5944,0.409,0.0046,0.1164,0.8789,0.9998,0.0,0.0001,0.0001
2291,1.0,0.945,0.0039,0.9853,0.0107,0.0017,0.8761,0.0001,0.1221
2292,1.0,0.947,0.0033,0.9934,0.0033,0.0,0.0001,0.0,0.9999
2293,0.0,0.852,0.0001,0.0019,0.998,1.0,0.0,0.0,0.0
2294,1.0,0.341,0.0189,0.9811,0.0,0.0001,0.3507,0.0004,0.6488
2295,1.0,0.947,0.9996,0.0,0.0004,0.1488,0.8509,0.0,0.0002
2296,0.7952,0.947,0.0005,0.0007,0.9988,0.9997,0.0003,0.0,0.0
2297,1.0,0.947,0.7492,0.1958,0.055,0.0002,0.1555,0.0001,0.8443
2298,0.9169,0.947,0.0,0.9999,0.0001,0.0,0.0001,0.0,0.9998
2299,0.1424,0.947,0.0121,0.0003,0.9876,0.9999,0.0,0.0,0.0001
2300,0.9997,0.947,0.0,0.9999,0.0001,0.0,0.0003,0.0,0.9997
2301,0.5579,0.947,0.0001,0.9995,0.0004,0.0,0.0001,0.0,0.9999
2302,1.0,0.947,0.0001,0.9155,0.0844,0.0001,0.6921,0.0001,0.3076
2303,0.9974,0.947,0.0,0.9999,0.0001,0.0,0.0,0.0,1.0
2304,1.0,0.946,0.8225,0.1273,0.0502,0.0,0.0,0.0,1.0
2305,0.9999,0.329,0.0027,0.9969,0.0004,0.0014,0.9739,0.0001,0.0246
2307,1.0,0.337,0.0165,0.981,0.0025,0.0009,0.0025,0.0001,0.9965
2308,1.0,0.337,0.0184,0.9761,0.0055,0.0018,0.0123,0.0003,0.9855
2309,1.0,0.947,0.2861,0.7026,0.0113,0.0,0.0082,0.0001,0.9917
2310,1.0,0.929,0.0,0.993,0.007,0.0001,0.5936,0.0006,0.4057
2311,1.0,0.381,0.02,0.98,0.0,0.0001,0.5571,0.0002,0.4427
2312,0.0,0.947,0.0,1.0,0.0,0.0,0.0009,0.0002,0.9989
2313,1.0,0.947,0.0007,0.9978,0.0014,0.0,0.0,0.0,1.0
2314,0.3433,0.947,0.0005,0.9995,0.0,0.0003,0.999,0.0,0.0007
2315,0.0,0.947,0.0,1.0,0.0,0.0,0.0002,0.0029,0.9969
2316,1.0,0.947,0.4128,0.5772,0.01,0.0001,0.9902,0.0,0.0097
2317,1.0,0.947,0.0171,0.9802,0.0028,0.0001,0.2024,0.0001,0.7974
2318,1.0,0.947,0.9758,0.024,0.0002,0.0001,0.1231,0.0,0.8767
2319,1.0,0.947,0.0,0.9203,0.0797,0.0,0.0,0.0,1.0
2320,0.9998,0.947,0.0052,0.0001,0.9946,0.9983,0.0,0.0,0.0017
2321,1.0,0.947,0.0003,0.9929,0.0069,0.0,0.0,0.0,1.0
2322,0.9963,0.946,0.5875,0.002,0.4105,0.9075,0.0,0.0,0.0925
2323,1.0,0.947,0.5164,0.4829,0.0006,0.0,0.0266,0.0,0.9734
2324,0.9543,0.947,0.0,1.0,0.0,0.0,0.0,0.0,1.0
2325,0.0,0.93,0.0,1.0,0.0,0.0,0.0,0.0039,0.9961
2326,1.0,0.947,0.0919,0.9079,0.0002,0.0001,0.9635,0.0,0.0364
2327,1.0,0.897,0.0318,0.9464,0.0219,0.0001,0.8916,0.0001,0.1082
2328,1.0,0.947,0.0005,0.9966,0.0029,0.0,0.0046,0.0002,0.9952
2329,0.9869,0.773,0.3273,0.0639,0.6088,0.0073,0.0446,0.0004,0.9477
2330,1.0,0.947,0.004,0.9513,0.0446,0.0,0.0,0.0,1.0
2331,0.991,0.947,0.0,0.9999,0.0001,0.0,0.0,0.0,1.0
2332,0.9502,0.947,0.0,1.0,0.0,0.0,0.0066,0.0001,0.9933
2333,0.0006,0.947,0.0,1.0,0.0,0.0,0.0004,0.0001,0.9995
2334,0.9984,0.946,0.0818,0.9101,0.0081,0.0598,0.929,0.0002,0.011
2335,0.0893,0.947,0.0,1.0,0.0,0.0,0.0014,0.0001,0.9986
2336,0.9988,0.947,0.0,1.0,0.0,0.0,0.0,0.0,1.0
2337,1.0,0.465,0.0,0.0001,0.9999,0.0,0.0,0.0,1.0
2338,1.0,0.947,0.0,0.9755,0.0245,0.0,0.0007,0.0,0.9992
2339,0.0023,0.947,0.0,1.0,0.0,0.0,0.0074,0.0001,0.9925
2340,1.0,0.947,0.0004,0.9964,0.0033,0.0,0.0,0.0,1.0
2341,1.0,0.947,0.0,0.9993,0.0007,0.0001,0.0012,0.0,0.9987
2342,1.0,0.946,0.0,0.9999,0.0001,0.0014,0.9884,0.0,0.0101
2343,1.0,0.947,0.3546,0.6225,0.0229,0.0001,0.0546,0.0002,0.9451
2344,0.9916,0.946,0.9993,0.0007,0.0,0.0001,0.8714,0.0001,0.1284
2345,0.9999,0.906,0.0035,0.9955,0.0009,0.0,0.9334,0.0001,0.0664
2346,1.0,0.363,0.0004,0.9996,0.0,0.0,0.6641,0.2094,0.1265
2347,0.0108,0.946,0.0,1.0,0.0,0.0,0.0,0.0,1.0
2348,0.9975,0.941,0.0287,0.9713,0.0,0.0,0.9998,0.0,0.0002
2349,0.0094,0.947,0.0,0.9999,0.0001,0.0,0.0001,0.0,0.9999
2350,1.0,0.947,0.844,0.1553,0.0007,0.0001,0.1276,0.0002,0.8721
2351,1.0,0.348,0.0055,0.9945,0.0,0.0,0.013,0.0001,0.9868
2352,0.0043,0.947,0.0001,0.9999,0.0,0.0,0.0011,0.0,0.9989
2353,1.0,0.947,0.0002,0.9963,0.0035,0.0,0.0,0.0,1.0
2354,0.007,0.944,0.0,1.0,0.0,0.0,0.0,0.0,1.0
2355,1.0,0.947,0.0,0.9996,0.0004,0.0,1.0,0.0,0.0
2356,1.0,0.947,0.0124,0.9867,0.0009,0.0,0.0483,0.0001,0.9516
2357,0.9995,0.947,0.0002,0.9925,0.0073,0.0,0.9809,0.0,0.019
2358,1.0,0.946,0.2009,0.7629,0.0362,0.0,1.0,0.0,0.0
2359,0.9997,0.947,0.0011,0.9855,0.0134,0.0,0.8101,0.0001,0.1898
2360,1.0,0.929,0.0002,0.9571,0.0428,0.0,0.981,0.0004,0.0186
2361,0.0,0.917,0.0001,0.9999,0.0,0.0,0.0007,0.0004,0.9989
2362,0.9992,0.947,0.9881,0.0117,0.0002,0.0001,0.997,0.0,0.003
2363,1.0,0.947,0.0595,0.9306,0.0099,0.0707,0.9026,0.0,0.0266
2364,0.9826,0.947,0.0,1.0,0.0,0.0,0.0,0.0,1.0
2365,0.9963,0.946,0.0364,0.853,0.1106,0.4672,0.5119,0.0,0.0209
2366,1.0,0.947,0.0147,0.9524,0.0328,0.0001,0.9986,0.0,0.0014
2367,1.0,0.333,0.0,1.0,0.0,0.0,0.0,0.0,1.0
2368,0.9812,0.947,0.0,1.0,0.0,0.0,0.0,0.0,1.0
2369,1.0,0.947,0.16,0.7174,0.1227,0.0002,0.9998,0.0,0.0
2370,0.9987,0.947,0.0015,0.9982,0.0003,0.0,0.0001,0.0,0.9998
2371,0.9998,0.947,0.0,0.9999,0.0001,0.0,0.0003,0.0001,0.9997
2372,1.0,0.946,0.9669,0.0321,0.001,0.0,0.0,0.0,1.0
2373,0.9998,0.946,0.0792,0.6505,0.2702,0.9912,0.0,0.0,0.0088
2374,1.0,0.947,0.69,0.3072,0.0028,0.0,0.9947,0.0,0.0052
2375,0.1125,0.947,0.0001,0.9998,0.0001,0.0,0.0005,0.0,0.9995
2376,0.9954,0.947,0.0,0.9996,0.0004,0.0,0.0,0.0,1.0
2377,1.0,0.947,0.0016,0.9972,0.0012,0.0,0.1607,0.0001,0.8392
2378,0.9845,0.947,0.6669,0.3311,0.002,0.0849,0.0857,0.0015,0.828
2379,0.2548,0.944,0.0002,0.9993,0.0005,0.0,0.0001,0.0001,0.9998
2380,0.9942,0.947,0.0,0.9999,0.0001,0.0,0.0001,0.0,0.9999
2381,0.0002,0.408,0.0,0.0026,0.9974,0.9438,0.0,0.0,0.0562
2382,1.0,0.947,0.0884,0.9104,0.0012,0.0136,0.9854,0.0,0.001
2383,0.8948,0.895,0.0,1.0,0.0,0.0001,0.8644,0.0001,0.1353
2384,1.0,0.947,0.0041,0.9933,0.0026,0.0,0.0003,0.0,0.9997
2385,0.9653,0.947,0.0001,0.9998,0.0001,0.0,0.9994,0.0,0.0006
2386,0.9994,0.339,0.0052,0.9942,0.0007,0.0023,0.0646,0.0053,0.9278
2387,0.2604,0.408,0.0002,0.0001,0.9997,0.9825,0.0,0.0001,0.0174
2388,0.9245,0.947,0.0,0.9999,0.0001,0.0,0.0002,0.0,0.9998
2389,0.9999,0.947,0.0092,0.3039,0.6869,0.2426,0.7573,0.0,0.0001
2390,0.579,0.92,0.0,1.0,0.0,0.0,0.0004,0.0099,0.9896
2391,0.7358,0.947,0.0001,0.9999,0.0,0.0,0.0023,0.0,0.9977
2392,0.0224,0.947,0.0086,0.9912,0.0002,0.0,0.0604,0.0002,0.9394
2393,1.0,0.947,0.007,0.9887,0.0042,0.0,0.0001,0.0,0.9999
2394,0.9997,0.947,0.0,0.9994,0.0006,0.0,1.0,0.0,0.0
2395,0.9965,0.947,0.0314,0.038,0.9306,0.9516,0.0006,0.0019,0.0459
2396,1.0,0.947,0.8278,0.1626,0.0096,0.288,0.348,0.0004,0.3635
2397,0.9823,0.947,0.0006,0.9944,0.005,0.0,0.0012,0.0,0.9988
2398,1.0,0.947,0.9724,0.0154,0.0122,0.9344,0.0595,0.0003,0.0058
2399,0.9999,0.946,0.9017,0.0982,0.0,0.0,0.0,0.8761,0.1239
2400,1.0,0.947,0.0007,0.9975,0.0019,0.0,0.0,0.0,1.0
2401,0.0001,0.921,0.0,1.0,0.0,0.0,0.0007,0.0005,0.9988
2402,1.0,0.369,0.0001,0.9999,0.0,0.0,0.0002,0.0,0.9998
2403,1.0,0.947,0.0552,0.9431,0.0018,0.0,0.0003,0.0,0.9997
2404,0.9961,0.947,0.0,0.9999,0.0001,0.0,0.0,0.0,1.0
2405,0.0037,0.947,0.0,1.0,0.0,0.0,0.002,0.0,0.998
2406,1.0,0.327,0.585,0.4147,0.0003,0.0,0.0069,0.0,0.9931
2407,0.998,0.947,0.252,0.5448,0.2032,0.9865,0.0008,0.0,0.0127
2408,1.0,0.329,0.0057,0.9942,0.0,0.0,0.0001,0.0,0.9999
2409,0.9999,0.947,0.0,0.9995,0.0005,0.0,0.0004,0.0,0.9996
2410,1.0,0.946,0.0002,0.0034,0.9964,0.0085,0.9915,0.0,0.0
2411,0.422,0.947,0.0,0.9999,0.0001,0.0,0.0002,0.0,0.9998
2412,0.9966,0.947,0.0,0.9994,0.0006,0.0001,0.6578,0.0043,0.3378
2413,1.0,0.338,0.0323,0.9677,0.0,0.0005,0.004,0.2201,0.7755
2414,1.0,0.947,0.071,0.0844,0.8446,0.9925,0.0011,0.0,0.0063
2415,0.9997,0.947,0.0064,0.992,0.0015,0.0006,0.9994,0.0,0.0001
2416,0.0001,0.65,0.0,0.0939,0.9061,1.0,0.0,0.0,0.0
2417,0.9996,0.947,0.0001,0.9998,0.0001,0.0,0.0004,0.0,0.9995
2418,0.0077,0.947,0.0,0.9999,0.0,0.0,0.001,0.0,0.999
2419,0.9746,0.947,0.0001,0.9998,0.0002,0.0,0.0001,0.0,0.9999
2420,1.0,0.946,0.0003,0.9996,0.0,0.0,1.0,0.0,0.0
2421,0.0,0.917,0.0,1.0,0.0,0.0,0.0001,0.0007,0.9992
2422,0.9945,0.947,0.0,1.0,0.0,0.0,0.0,0.0,1.0
2423,0.9999,0.947,0.97,0.012,0.018,0.0009,0.0,0.1754,0.8237
2424,0.9997,0.947,0.2395,0.7602,0.0003,0.0002,0.3292,0.0001,0.6706
2425,0.932,0.945,0.9078,0.0396,0.0526,0.0,0.0,0.0026,0.9974
2426,1.0,0.944,0.4011,0.0004,0.5985,0.1112,0.0002,0.0,0.8887
2427,1.0,0.41,0.0038,0.9951,0.0011,0.0075,0.4719,0.0238,0.4968
2429,0.9992,0.931,0.916,0.0828,0.0011,0.0034,0.9793,0.0,0.0173
2430,1.0,0.945,0.3474,0.0016,0.651,0.0107,0.0,0.0,0.9892
2431,1.0,0.947,0.0027,0.9963,0.0009,0.0005,0.2333,0.0001,0.7662
2432,0.9975,0.947,0.0009,0.998,0.0011,0.0,0.0002,0.0,0.9997
2433,0.9983,0.947,0.0,0.9998,0.0002,0.0,0.0001,0.0,0.9999
2434,1.0,0.947,0.9396,0.0601,0.0003,0.0,0.0003,0.0,0.9997
2435,0.0007,0.947,0.0002,0.9998,0.0,0.0,0.0023,0.0001,0.9977
2436,0.9998,0.331,0.2271,0.7724,0.0005,0.0015,0.2787,0.0301,0.6897
2437,0.0019,0.929,0.0,1.0,0.0,0.0,0.0001,0.0003,0.9996
2438,1.0,0.406,0.0,0.9947,0.0053,0.9996,0.0002,0.0,0.0001
2439,0.9997,0.947,0.0,0.999,0.001,0.0,0.0016,0.0,0.9984
2440,0.9999,0.947,0.0,0.9826,0.0174,0.0001,0.0912,0.0003,0.9084
2441,1.0,0.947,0.0005,0.9995,0.0,0.0,0.9967,0.0,0.0033
2442,0.9982,0.947,0.0,0.9997,0.0003,0.0,0.0,0.0,1.0
2443,0.9999,0.946,0.035,0.9588,0.0063,0.0029,0.0007,0.0001,0.9962
2444,0.9948,0.405,0.0009,0.9631,0.036,0.0056,0.3902,0.0026,0.6016
2445,0.9999,0.925,0.0,0.9928,0.0072,0.0002,0.7381,0.0003,0.2615
2446,0.0003,0.928,0.0,1.0,0.0,0.0,0.0001,0.0002,0.9997
2447,1.0,0.337,0.0093,0.9906,0.0001,0.0019,0.0001,0.0031,0.9949
2448,0.9722,0.947,0.1948,0.6289,0.1763,0.9998,0.0001,0.0,0.0001
2449,1.0,0.947,0.0134,0.9572,0.0294,0.0007,0.9898,0.0,0.0095
2450,1.0,0.938,0.0001,0.9911,0.0089,0.0,0.7685,0.0004,0.231
2451,1.0,0.946,0.0058,0.9915,0.0027,0.0025,0.2256,0.0,0.7719
2452,0.9465,0.893,0.0,0.9999,0.0001,0.0,0.3778,0.0013,0.6209
2453,0.0233,0.947,0.0,0.0001,0.9999,1.0,0.0,0.0,0.0
2454,0.9948,0.947,0.0015,0.9907,0.0078,0.8291,0.1703,0.0,0.0006
2455,0.8892,0.943,0.0,0.9999,0.0001,0.0,0.0,0.0,1.0
2456,1.0,0.946,0.0766,0.917,0.0063,0.0,0.0024,0.0,0.9976
2457,0.9998,0.947,0.0,0.9999,0.0001,0.0,0.0,0.0,1.0
2458,0.9999,0.947,0.0005,0.9989,0.0005,0.0,1.0,0.0,0.0
2459,1.0,0.333,0.0047,0.9953,0.0,0.0,0.9894,0.0095,0.0011
2460,0.9993,0.329,0.0049,0.9945,0.0006,0.0016,0.9258,0.0001,0.0725
2461,1.0,0.947,0.0005,0.9982,0.0013,0.0,0.0,0.0,0.9999
2462,1.0,0.947,0.0027,0.9962,0.0011,0.0,0.0001,0.0,0.9999
2463,1.0,0.347,0.0001,0.9998,0.0,0.0,0.0,0.0,1.0
2464,1.0,0.356,0.0001,0.9999,0.0,0.0,0.182,0.6347,0.1833
2465,1.0,0.947,0.9979,0.0016,0.0004,0.0001,0.0,0.0376,0.9623
2466,0.9929,0.947,0.0001,0.0001,0.9998,0.908,0.0,0.0,0.092
2467,0.7637,0.946,0.0,0.0006,0.9994,0.1284,0.0027,0.0,0.869
2468,0.9996,0.947,0.0,0.9998,0.0002,0.0,0.0,0.0,1.0
2469,1.0,0.947,0.0005,0.9915,0.008,0.9932,0.0023,0.0,0.0046
2470,1.0,0.947,0.0069,0.9276,0.0655,0.0,0.0001,0.0,0.9999
2471,0.9921,0.947,0.1396,0.0399,0.8205,0.9962,0.0004,0.0,0.0033
2472,1.0,0.947,0.0009,0.9956,0.0035,0.0,0.0,0.0,1.0
2473,0.9999,0.947,0.0084,0.986,0.0056,0.0064,0.0001,0.0003,0.9932
2474,1.0,0.947,0.0001,0.6165,0.3834,0.0,0.1963,0.0003,0.8034
2475,1.0,0.947,0.0035,0.9926,0.0038,0.0001,0.0833,0.0001,0.9164
2476,1.0,0.947,0.0158,0.9497,0.0345,0.0003,0.9992,0.0,0.0005
2477,1.0,0.947,0.0007,0.0775,0.9218,0.9998,0.0,0.0,0.0002
2478,0.0134,0.947,0.0001,0.9999,0.0,0.0,0.0002,0.0,0.9998
2479,0.0,0.92,0.0,1.0,0.0,0.0,0.0004,0.0009,0.9987
2480,1.0,0.947,0.1083,0.1611,0.7306,0.9888,0.0023,0.0,0.0088
2481,1.0,0.947,0.958,0.0416,0.0004,0.0,1.0,0.0,0.0
2482,1.0,0.329,0.0001,0.9999,0.0,0.0,0.0,0.0,1.0
2483,1.0,0.947,0.4685,0.5302,0.0013,0.0003,0.4533,0.0,0.5464
2484,1.0,0.947,0.0017,0.9951,0.0031,0.0,0.0001,0.0,0.9999
2485,1.0,0.403,0.0004,0.9996,0.0,0.0,0.0007,0.0003,0.9989
2486,0.9999,0.339,0.0077,0.9911,0.0012,0.0049,0.1248,0.0076,0.8627
2487,0.9269,0.337,0.0496,0.9501,0.0003,0.0004,0.0215,0.0002,0.978
2488,0.9983,0.947,0.0001,0.9998,0.0,0.0,0.0,0.0,1.0
2489,0.9887,0.947,0.0004,0.9946,0.005,0.0,0.0001,0.0,0.9999
2490,0.9999,0.947,0.0443,0.9556,0.0002,0.0,0.0528,0.0,0.9472
2491,0.2984,0.946,0.0093,0.9907,0.0,0.0,0.9876,0.0,0.0124
2492,0.9998,0.947,0.0011,0.1318,0.8671,0.5619,0.4376,0.0,0.0005
2493,1.0,0.947,0.1008,0.8363,0.0629,0.622,0.3253,0.0002,0.0525
2494,0.246,0.947,0.0,1.0,0.0,0.0,0.0001,0.0032,0.9967
2495,0.0003,0.947,0.0,1.0,0.0,0.0,0.0003,0.0001,0.9997
2496,1.0,0.337,0.3729,0.622,0.0051,0.014,0.6762,0.0006,0.3091
2497,1.0,0.947,0.2856,0.7091,0.0053,0.3914,0.1223,0.0005,0.4858
2498,0.999,0.947,0.0,0.9999,0.0001,0.0,0.0,0.0,1.0
2499,0.172,0.374,0.9017,0.0983,0.0,0.0001,0.0181,0.0013,0.9806
2500,1.0,0.947,0.0076,0.991,0.0015,0.0,0.0017,0.0001,0.9982
2501,0.9892,0.947,0.0,0.9995,0.0005,0.0,0.0004,0.0,0.9996
2502,0.0003,0.947,0.0,1.0,0.0,0.0,0.0,0.0001,0.9998
2503,0.0064,0.946,0.001,0.0308,0.9682,0.989,0.0,0.0,0.011
2504,1.0,0.947,0.013,0.9554,0.0316,0.0,0.0,0.0,0.9999
2505,1.0,0.947,0.0009,0.9733,0.0258,0.0,0.0,0.0,1.0
2506,0.9999,0.355,0.0195,0.9801,0.0004,0.0037,0.1402,0.0038,0.8522
2507,0.7033,0.94,0.0,0.0,1.0,1.0,0.0,0.0,0.0
2508,0.0232,0.942,0.0258,0.973,0.0012,0.0,0.0001,0.0004,0.9996
2509,0.1569,0.929,0.0,0.9999,0.0001,0.0,0.0001,0.0002,0.9998
2510,1.0,0.946,0.0016,0.8863,0.1121,0.1039,0.0,0.0,0.8961
2511,0.1093,0.947,0.0,0.9999,0.0001,0.0,0.0001,0.0,0.9998
2512,0.9572,0.947,0.0004,0.9996,0.0,0.0,0.032,0.0001,0.9679
2513,0.9994,0.947,0.0,0.9997,0.0003,0.0,0.0001,0.0,0.9999
2514,0.0785,0.947,0.0,0.0125,0.9875,1.0,0.0,0.0,0.0
2515,1.0,0.477,0.004,0.9947,0.0013,0.0,1.0,0.0,0.0
2516,0.0197,0.947,0.0589,0.94,0.0011,0.0647,0.0098,0.0001,0.9254
2517,1.0,0.947,0.0273,0.9591,0.0137,0.0,0.0001,0.0,0.9999
2518,1.0,0.947,0.929,0.0675,0.0035,0.7052,0.274,0.0002,0.0205
2519,1.0,0.947,0.0011,0.0376,0.9613,0.9986,0.0006,0.0,0.0008
2520,0.0011,0.947,0.0001,0.9999,0.0,0.0,0.0008,0.0,0.9991
2521,0.9939,0.947,0.0001,0.9974,0.0026,0.0,0.0019,0.0002,0.9979
2522,0.9978,0.329,0.1091,0.8897,0.0012,0.0017,0.1105,0.0006,0.8871
2523,0.0799,0.928,0.0002,0.9997,0.0,0.0,0.0114,0.0003,0.9883
2524,0.9973,0.947,0.0485,0.8505,0.101,0.0357,0.9631,0.0,0.0012
2525,1.0,0.947,0.0242,0.9697,0.0061,0.0,0.0078,0.0001,0.9922
2526,1.0,0.947,0.9869,0.0122,0.0009,0.0004,0.0759,0.0,0.9236
2527,1.0,0.947,0.999,0.0,0.001,0.894,0.1058,0.0001,0.0001
2528,1.0,0.947,0.0053,0.0207,0.9741,0.9993,0.0003,0.0,0.0004
2529,1.0,0.947,0.9116,0.0002,0.0882,0.9686,0.0295,0.0,0.0019
2530,0.9999,0.947,0.0093,0.9906,0.0001,0.0002,0.5817,0.0001,0.4181
2531,1.0,0.947,0.5229,0.2111,0.2659,0.0088,0.9909,0.0,0.0002
2532,0.9995,0.947,0.0,1.0,0.0,0.0,0.0,0.0,1.0
2533,0.9999,0.947,0.0,0.9998,0.0002,0.0,0.0,0.0,1.0
2534,0.0064,0.945,0.0,0.0041,0.9959,0.9998,0.0,0.0,0.0002
2535,0.9997,0.947,0.0892,0.9085,0.0023,0.0001,0.3926,0.0,0.6073
2536,1.0,0.947,0.0,0.8982,0.1018,0.0001,0.0032,0.0,0.9967
2537,1.0,0.449,0.0098,0.9898,0.0004,0.006,0.8125,0.0133,0.1682
2538,0.2974,0.946,0.0004,0.0007,0.9989,0.9999,0.0001,0.0,0.0
2539,0.9963,0.345,0.0421,0.9579,0.0,0.0,0.9981,0.0,0.0019
2540,0.8972,0.947,0.0,0.9999,0.0001,0.0,0.0008,0.0,0.9992
2541,0.9999,0.947,0.0,0.9987,0.0013,0.0,0.0,0.0,1.0
2542,1.0,0.943,0.0094,0.9905,0.0001,0.0,0.092,0.0003,0.9077
2543,0.9993,0.922,0.0011,0.8888,0.1101,0.0006,0.8322,0.0009,0.1662
2544,1.0,0.347,0.0225,0.9745,0.0031,0.0006,0.0026,0.0001,0.9967
2545,0.4853,0.946,0.0077,0.0364,0.9559,0.2479,0.5411,0.0031,0.2078
2546,0.9985,0.947,0.078,0.9204,0.0016,0.0,0.9999,0.0,0.0001
2547,0.3008,0.947,0.0,0.9989,0.0011,0.0,0.0022,0.0001,0.9977
2548,0.3245,0.947,0.0,0.9997,0.0003,0.0,0.0001,0.0,0.9999
2549,0.9999,0.369,0.0,0.84,0.1599,0.5342,0.4265,0.0203,0.019
2550,0.9994,0.947,0.0,0.0,1.0,1.0,0.0,0.0,0.0
2551,1.0,0.329,0.3684,0.6312,0.0005,0.0001,0.0173,0.0,0.9826
2552,0.9999,0.946,0.5371,0.3487,0.1142,0.8677,0.0,0.0001,0.1322
2553,1.0,0.929,0.0,0.78,0.2199,0.0002,0.7544,0.0001,0.2452
2554,0.9991,0.947,0.0003,0.9996,0.0002,0.0,0.9695,0.0001,0.0303
2555,0.9974,0.947,0.0124,0.0303,0.9573,0.7949,0.2049,0.0,0.0001
2556,0.9579,0.546,0.0018,0.441,0.5572,0.0228,0.0413,0.0021,0.9338
2557,1.0,0.946,0.9966,0.0034,0.0,0.0,0.9998,0.0,0.0002
2558,0.0,0.943,0.0001,0.0,0.9998,1.0,0.0,0.0,0.0
2559,0.9962,0.947,0.0001,0.0,0.9999,0.9986,0.0,0.0,0.0014
2560,1.0,0.947,0.0536,0.0374,0.909,0.9819,0.0004,0.0,0.0177
2561,0.9922,0.946,0.0044,0.6038,0.3917,0.0039,0.9923,0.0001,0.0038
2562,1.0,0.359,0.4724,0.5268,0.0008,0.0,0.0055,0.0,0.9944
2563,1.0,0.929,0.0,0.9904,0.0096,0.0001,0.9733,0.0001,0.0264
2564,1.0,0.947,0.0006,0.9979,0.0015,0.0,0.0,0.0,1.0
2565,0.8447,0.947,0.0,0.0,1.0,1.0,0.0,0.0,0.0
2566,0.9999,0.946,0.9727,0.0233,0.004,0.0,0.0,0.0,0.9999
2567,0.2955,0.947,0.0,1.0,0.0,0.0,0.0236,0.0001,0.9762
2568,1.0,0.947,0.3995,0.6002,0.0003,0.0,0.0006,0.0,0.9994
2569,0.9988,0.947,0.0014,0.0014,0.9972,0.9982,0.0018,0.0,0.0
2570,1.0,0.947,0.9934,0.0066,0.0,0.0001,0.2861,0.0,0.7137
2571,0.9786,0.947,0.0,0.998,0.002,0.0,0.001,0.0,0.9989
2572,1.0,0.337,0.011,0.9822,0.0067,0.0015,0.0056,0.0003,0.9926
2573,0.0,0.93,0.0001,0.9999,0.0,0.0,0.002,0.0002,0.9978
2574,0.0,0.816,0.0,0.1348,0.8652,1.0,0.0,0.0,0.0
2575,0.0296,0.947,0.0,1.0,0.0,0.0,0.0003,0.0,0.9997
2576,0.9968,0.947,0.0002,0.9757,0.0241,0.0,0.0002,0.0001,0.9997
2577,0.0001,0.564,0.0,0.3531,0.6469,1.0,0.0,0.0,0.0
2578,0.399,0.947,0.0013,0.9986,0.0001,0.0,0.6029,0.0003,0.3968
2579,0.0632,0.946,0.0,0.0072,0.9928,1.0,0.0,0.0,0.0
2580,0.03,0.947,0.0,1.0,0.0,0.0,0.0066,0.0001,0.9933
2581,0.9691,0.947,0.0,1.0,0.0,0.0,0.0038,0.0,0.9962
2582,1.0,0.947,0.0002,0.9995,0.0003,0.0,0.0,0.0,0.9999
2583,0.9559,0.355,0.7338,0.2655,0.0006,0.0032,0.4222,0.0168,0.5578
2584,1.0,0.334,0.0014,0.9986,0.0,0.0,0.9112,0.0837,0.0051
2585,0.9977,0.947,0.1319,0.867,0.0011,0.0001,0.9237,0.0,0.0762
2586,1.0,0.947,0.0003,0.9937,0.006,0.0,0.0,0.0,1.0
2587,0.0411,0.947,0.0,0.9999,0.0001,0.0,0.0001,0.0,0.9999
2588,0.9997,0.947,0.0034,0.979,0.0176,0.0,0.0008,0.0,0.9992
2589,0.9999,0.947,0.0013,0.9242,0.0745,0.6886,0.3107,0.0,0.0007
2590,0.9995,0.947,0.6182,0.3755,0.0063,0.2361,0.7593,0.0001,0.0045
2591,0.9984,0.947,0.0,0.9998,0.0002,0.0,0.0,0.0,1.0
2592,1.0,0.327,0.1248,0.8747,0.0005,0.0,0.0004,0.0,0.9996
2593,1.0,0.945,0.1889,0.8111,0.0,0.0,0.9998,0.0,0.0001
2594,0.9996,0.939,0.0058,0.9942,0.0,0.0,0.0,0.9999,0.0001
2595,0.9994,0.947,0.0,0.9875,0.0125,0.0,0.0065,0.0002,0.9933
2596,1.0,0.947,0.0008,0.9935,0.0057,0.0001,0.3159,0.0005,0.6834
2597,1.0,0.355,0.0757,0.9242,0.0,0.0002,0.0062,0.0001,0.9935
2598,1.0,0.946,0.9787,0.0213,0.0001,0.0,0.9986,0.0,0.0014
2599,0.9904,0.386,0.0008,0.9589,0.0403,0.0043,0.3457,0.0028,0.6472
2600,1.0,0.331,0.0073,0.9927,0.0,0.0,0.5954,0.3894,0.0151
2601,0.0004,0.946,0.0,1.0,0.0,0.0,0.0005,0.0001,0.9994
2602,0.9997,0.947,0.0001,0.9993,0.0006,0.0,0.02,0.0,0.9799
2603,1.0,0.329,0.0,1.0,0.0,0.0,0.0,0.0,1.0
2604,0.9985,0.947,0.0005,0.403,0.5965,0.4305,0.5695,0.0,0.0001
2605,1.0,0.502,0.0008,0.9904,0.0088,0.0001,0.9998,0.0,0.0001
2606,0.5397,0.947,0.0002,0.9995,0.0004,0.0,0.0014,0.0,0.9986
2607,1.0,0.349,0.0016,0.9983,0.0001,0.0,0.0,0.0,1.0
2608,0.9999,0.342,0.0115,0.9818,0.0066,0.0045,0.0314,0.002,0.9621
2609,1.0,0.947,0.2837,0.7055,0.0109,0.0,0.0308,0.0001,0.969
2610,0.2166,0.947,0.0285,0.9715,0.0,0.0,0.9998,0.0,0.0002
2611,1.0,0.399,0.021,0.9757,0.0033,0.0057,0.0609,0.0011,0.9323
2612,1.0,0.945,0.0,0.9987,0.0013,0.0003,0.0021,0.0,0.9977
2613,0.8822,0.347,0.9218,0.078,0.0002,0.0017,0.858,0.0132,0.1271
2614,0.9999,0.947,0.0024,0.1359,0.8617,0.0791,0.9195,0.0005,0.0008
2615,0.9942,0.947,0.0,1.0,0.0,0.0,0.0,0.0,1.0
2616,0.9986,0.943,0.0,1.0,0.0,0.0,0.0028,0.0001,0.9972
2617,1.0,0.946,0.0007,0.0,0.9993,0.999,0.0,0.0,0.001
2618,0.4607,0.906,0.0,0.9998,0.0002,0.0,0.0,0.0001,0.9999
2619,1.0,0.947,0.8476,0.0234,0.129,0.0499,0.0001,0.0,0.95
2620,0.1676,0.947,0.0,0.0133,0.9867,1.0,0.0,0.0,0.0
2621,0.0038,0.929,0.0,1.0,0.0,0.0,0.0,0.0002,0.9998
2622,0.0003,0.947,0.0001,0.9999,0.0,0.0,0.0031,0.0004,0.9965
2623,0.0,0.929,0.0,1.0,0.0,0.0,0.0001,0.0003,0.9997
2624,0.9996,0.947,0.0067,0.993,0.0003,0.0,0.9999,0.0,0.0001
2625,0.9179,0.947,0.0,0.0,1.0,1.0,0.0,0.0,0.0
2626,0.9787,0.947,0.0001,0.9999,0.0,0.0,0.0832,0.0001,0.9166
2627,1.0,0.947,0.7422,0.2531,0.0046,0.0001,0.9868,0.0,0.0131
2628,0.9998,0.928,0.0,0.9983,0.0017,0.0,0.0032,0.0001,0.9967
2629,0.004,0.944,0.0,0.0084,0.9916,1.0,0.0,0.0,0.0
2630,0.9971,0.947,0.0,0.9997,0.0003,0.0,0.0,0.0,1.0
2631,0.9959,0.947,0.0,0.9997,0.0003,0.0,0.0001,0.0,0.9999
2632,0.9999,0.945,0.9944,0.0056,0.0,0.0,0.9555,0.0001,0.0444
2633,0.9989,0.947,0.0088,0.9824,0.0088,0.0,0.0076,0.0,0.9924
2634,1.0,0.947,0.0009,0.9917,0.0074,0.0,0.0001,0.0,0.9999
2635,0.9924,0.947,0.0,0.9986,0.0014,0.0,0.0001,0.0,0.9999
2636,1.0,0.947,0.9999,0.0001,0.0001,0.001,0.5321,0.0,0.4669
2637,0.998,0.329,0.0032,0.9957,0.001,0.0044,0.5393,0.0002,0.456
2638,0.9942,0.947,0.0022,0.9925,0.0053,0.0,0.0007,0.0,0.9993
2639,1.0,0.947,0.1294,0.869,0.0016,0.0,0.0004,0.0,0.9996
2640,1.0,0.947,0.0029,0.0289,0.9682,0.999,0.0002,0.0,0.0008
2641,0.7926,0.942,0.0,0.0,1.0,0.6721,0.0,0.0,0.3279
2642,1.0,0.946,0.9995,0.0005,0.0,0.0,0.9999,0.0,0.0001
2643,0.5271,0.947,0.0,0.9998,0.0002,0.0,0.0001,0.0001,0.9998
2644,0.9998,0.947,0.0013,0.9344,0.0643,0.0,0.0001,0.0,0.9998
2645,1.0,0.947,0.0054,0.9757,0.0189,0.0,0.9995,0.0,0.0005
2646,1.0,0.947,0.2829,0.7165,0.0006,0.0,0.0015,0.0,0.9985
2647,0.999,0.947,0.0238,0.0207,0.9554,0.7333,0.0206,0.0001,0.246
2648,1.0,0.947,0.9405,0.0587,0.0009,0.0065,0.956,0.0,0.0375
2649,0.9983,0.947,0.0173,0.9276,0.055,0.3193,0.6747,0.0,0.006
2650,1.0,0.437,0.0,1.0,0.0,0.0,0.0001,0.0,0.9999
2651,1.0,0.946,0.0575,0.9356,0.0069,0.0001,0.0734,0.0001,0.9264
2652,1.0,0.911,0.0,0.9727,0.0273,0.0,0.1341,0.0085,0.8574
2653,0.9993,0.947,0.0,0.9975,0.0025,0.0,0.0,0.0,1.0
2654,1.0,0.946,0.0175,0.9771,0.0054,0.0,0.0152,0.0001,0.9847
2655,0.9999,0.947,0.0,0.9999,0.0001,0.0,0.0002,0.0,0.9998
2656,1.0,0.947,0.0008,0.9983,0.0009,0.0,0.0001,0.0,0.9999
2657,0.0,0.946,0.0001,0.9999,0.0,0.0,0.0012,0.0057,0.9931
2658,1.0,0.329,0.0,1.0,0.0,0.0,0.0,0.0,1.0
2659,0.0622,0.947,0.0037,0.9963,0.0,0.0026,0.9834,0.0,0.014
2660,1.0,0.946,0.0234,0.9657,0.0109,0.0082,0.8305,0.0,0.1612
2661,0.4812,0.947,0.0001,0.0004,0.9996,0.9999,0.0001,0.0,0.0
2662,1.0,0.947,0.0019,0.9904,0.0077,0.0,0.0005,0.0,0.9995
2663,1.0,0.947,0.7908,0.1879,0.0213,0.0517,0.9444,0.0001,0.0038
2664,0.0406,0.947,0.0,0.9999,0.0001,0.0,0.0,0.0001,0.9999
2665,0.9997,0.947,0.125,0.875,0.0,0.0,0.9925,0.0005,0.007
2666,0.9992,0.947,0.0033,0.9761,0.0206,0.1331,0.8563,0.0,0.0106
2667,0.9808,0.947,0.1403,0.8522,0.0074,0.1717,0.7728,0.0,0.0555
2668,1.0,0.947,0.0054,0.9921,0.0025,0.0,0.0292,0.0001,0.9707
2669,1.0,0.389,0.012,0.9856,0.0024,0.0,1.0,0.0,0.0
2670,1.0,0.947,0.0,0.9986,0.0014,0.0,0.0,0.0,1.0
2671,1.0,0.947,0.0001,0.9971,0.0027,0.0,0.0,0.0,1.0
2672,1.0,0.946,0.7963,0.0348,0.1688,0.0001,0.0,0.0,0.9999
2673,1.0,0.947,0.0004,0.9987,0.0009,0.0,0.0,0.0,1.0
2674,0.9996,0.329,0.0229,0.977,0.0001,0.0004,0.9876,0.0,0.0119
2675,1.0,0.929,0.0004,0.9972,0.0024,0.0,0.0984,0.0008,0.9008
2676,0.9994,0.947,0.0,1.0,0.0,0.0,0.0,0.0,1.0
2677,1.0,0.329,0.2009,0.7989,0.0001,0.0,0.0011,0.0,0.9989
2678,0.3524,0.377,0.0005,0.2591,0.7404,0.9999,0.0,0.0001,0.0
2679,0.0002,0.896,0.0,1.0,0.0,0.0,0.0,0.0001,0.9998
2680,0.9985,0.946,0.0169,0.9802,0.0029,0.0016,0.0,0.0005,0.9978
2681,1.0,0.946,0.3356,0.0525,0.6118,0.0006,0.0,0.0,0.9994
2682,0.8538,0.946,0.0001,0.9808,0.0191,0.0745,0.8099,0.0,0.1157
2683,1.0,0.944,0.0056,0.3079,0.6865,0.0,0.3604,0.0004,0.6392
2684,0.9994,0.947,0.0007,0.0645,0.9347,0.1247,0.8753,0.0,0.0
2685,0.9976,0.947,0.0,0.9999,0.0001,0.0,0.0,0.0,1.0
2686,0.9784,0.947,0.005,0.9945,0.0006,0.8445,0.1461,0.0001,0.0094
2687,1.0,0.947,0.1953,0.8039,0.0008,0.0,1.0,0.0,0.0
2688,1.0,0.947,0.0007,0.243,0.7563,0.9991,0.0006,0.0,0.0003
2689,0.0001,0.946,0.0,1.0,0.0,0.0,0.0001,0.0001,0.9998
2690,1.0,0.338,0.0432,0.9568,0.0,0.0003,0.0832,0.8879,0.0286
2691,0.6564,0.947,0.0003,0.9993,0.0004,0.0,0.0003,0.0,0.9997
2692,1.0,0.947,0.0,0.434,0.5659,0.0004,0.0069,0.0,0.9927
2693,1.0,0.337,0.1901,0.7969,0.0129,0.0349,0.6687,0.0013,0.2951
2694,1.0,0.947,0.1621,0.8376,0.0003,0.0001,0.3873,0.0,0.6126
2695,0.9676,0.947,0.0001,0.0004,0.9995,0.9756,0.0001,0.0,0.0243
2696,0.9994,0.947,0.0,0.9987,0.0013,0.0,0.0,0.0,1.0
2697,0.9265,0.947,0.0,0.0,1.0,1.0,0.0,0.0,0.0
2698,0.9956,0.947,0.0006,0.0403,0.9591,0.9747,0.023,0.0,0.0023
2699,0.9478,0.88,0.8641,0.1358,0.0001,0.0,0.0,0.2263,0.7737
2700,1.0,0.946,0.0087,0.9715,0.0198,0.0124,0.2339,0.0001,0.7536
2701,0.9999,0.947,0.0001,0.942,0.058,0.0001,0.7816,0.0003,0.218
2702,0.0964,0.894,0.0,1.0,0.0,0.0,0.0,0.0056,0.9944
2704,0.9999,0.339,0.2657,0.7328,0.0014,0.0058,0.7382,0.0068,0.2492
2705,1.0,0.33,0.0001,0.9999,0.0,0.0,0.0002,0.0,0.9998
2706,1.0,0.371,0.0408,0.9544,0.0048,0.0034,0.0507,0.001,0.9449
2707,0.9996,0.331,0.0701,0.9297,0.0002,0.0018,0.2804,0.0165,0.7013
2708,1.0,0.947,0.0056,0.9624,0.0321,0.1863,0.8012,0.0001,0.0124
2709,1.0,0.947,0.0,0.2738,0.7262,0.0,0.0008,0.0,0.9992
2710,0.9145,0.947,0.0049,0.9947,0.0004,0.0,0.001,0.0,0.999
2711,1.0,0.947,0.0002,0.6674,0.3323,0.0,0.0678,0.0003,0.9319
2712,1.0,0.35,0.0001,0.9999,0.0,0.0,0.0,0.0,1.0
2713,0.0014,0.88,0.0,1.0,0.0,0.0,0.0,0.0002,0.9998
2714,1.0,0.946,0.0162,0.9783,0.0055,0.0012,0.4819,0.0,0.5168
2715,0.9144,0.947,0.0,1.0,0.0,0.0,0.0003,0.0,0.9996
2716,1.0,0.947,0.0589,0.9386,0.0025,0.0001,0.0326,0.0001,0.9673
2717,0.9193,0.947,0.8414,0.0037,0.1549,0.9878,0.0,0.0,0.0122
2718,1.0,0.342,0.054,0.9459,0.0001,0.0001,0.0065,0.0,0.9934
2719,0.9719,0.947,0.0,1.0,0.0,0.0,0.0003,0.0,0.9997
2720,1.0,0.947,0.3964,0.6016,0.0021,0.0,0.0014,0.0,0.9986
2721,1.0,0.947,0.0024,0.9753,0.0222,0.0,0.0,0.0,1.0
2722,0.6504,0.947,0.0,1.0,0.0,0.0,0.0002,0.0,0.9998
2723,0.9993,0.947,0.6271,0.3529,0.02,0.3865,0.2681,0.0,0.3454
2724,0.9519,0.941,0.0,0.0,0.9999,1.0,0.0,0.0,0.0
2725,0.0002,0.444,0.0,0.9513,0.0487,1.0,0.0,0.0,0.0
2726,1.0,0.939,0.0,0.1951,0.8049,0.0002,0.0724,0.0001,0.9273
2727,0.9717,0.947,0.0,0.9999,0.0001,0.0,0.01,0.0,0.99
2729,0.9997,0.947,0.0,0.9996,0.0004,0.0,0.0001,0.0,0.9999
2730,1.0,0.947,0.4547,0.0031,0.5422,0.0593,0.0,0.0001,0.9406
2731,0.9999,0.947,0.0,0.9987,0.0013,0.0,1.0,0.0,0.0
2732,1.0,0.946,0.0084,0.9291,0.0626,0.0029,0.0,0.0,0.9971
2733,1.0,0.365,0.347,0.653,0.0,0.0,0.0055,0.9936,0.0009
2734,1.0,0.947,0.0015,0.9982,0.0003,0.0001,0.0385,0.0,0.9614
2735,0.9991,0.947,0.0,0.9999,0.0001,0.0,0.0,0.0,1.0
2736,0.9713,0.947,0.0078,0.9914,0.0008,0.0,0.0003,0.0,0.9997
2737,1.0,0.947,0.7576,0.2418,0.0006,0.0,0.9815,0.0,0.0184
2738,1.0,0.369,0.0186,0.976,0.0054,0.0016,0.0059,0.0002,0.9922
2739,0.9997,0.947,0.0011,0.9989,0.0001,0.0,0.0042,0.0,0.9957
2740,0.9985,0.947,0.0001,0.9082,0.0916,0.0017,0.6238,0.0014,0.3731
2741,1.0,0.947,0.0003,0.9954,0.0043,0.0,1.0,0.0,0.0
2742,1.0,0.337,0.0109,0.9847,0.0043,0.004,0.0176,0.0004,0.9781
2743,0.9991,0.342,0.0915,0.9069,0.0015,0.003,0.1378,0.0126,0.8467
2744,0.9996,0.946,0.6979,0.0138,0.2883,0.9899,0.0,0.0,0.01
2745,0.9995,0.946,0.0006,0.9975,0.0019,0.0,0.9545,0.0001,0.0453
2746,1.0,0.946,0.7001,0.1448,0.1551,0.0166,0.9822,0.0,0.0013
2747,0.0,0.918,0.0001,0.9999,0.0,0.0,0.0021,0.0028,0.9951
2748,0.9992,0.946,0.0745,0.9222,0.0033,0.0,0.0,0.0,1.0
2749,1.0,0.334,0.0599,0.94,0.0001,0.0,0.0002,0.0,0.9998
2750,1.0,0.947,0.8206,0.0253,0.1541,0.6808,0.2451,0.0001,0.074
2751,0.1597,0.947,0.0,1.0,0.0,0.0,0.0019,0.0,0.9981
2752,0.9793,0.947,0.0,1.0,0.0,0.0,0.0,0.0,1.0
2753,1.0,0.947,0.0666,0.9214,0.0121,0.0002,0.7921,0.0,0.2076
2754,0.9999,0.947,0.0061,0.9492,0.0447,0.0,0.005,0.0,0.995
2755,0.7625,0.946,0.0007,0.9993,0.0,0.0002,0.9985,0.0,0.0013
2756,0.5721,0.947,0.0,1.0,0.0,0.0,0.0004,0.0,0.9996
2757,0.9993,0.947,0.0008,0.9156,0.0836,0.0,0.0002,0.0,0.9998
2758,0.984,0.947,0.0001,0.9967,0.0032,0.0,0.0,0.0,1.0
2759,1.0,0.947,0.0,0.9984,0.0016,0.0,0.0,0.0,1.0
2760,1.0,0.357,0.1128,0.8869,0.0002,0.0001,0.0018,0.0,0.9981
2762,1.0,0.345,0.011,0.989,0.0,0.0,0.0027,0.0,0.9973
2763,0.9947,0.947,0.0,0.9993,0.0007,0.0,0.0,0.0,1.0
2764,0.9989,0.946,0.0009,0.0058,0.9933,0.8947,0.0072,0.0,0.0981
2765,1.0,0.947,0.1232,0.6434,0.2334,0.8933,0.1055,0.0,0.0012
2766,1.0,0.946,0.9532,0.0467,0.0001,0.0,0.9982,0.0,0.0018
2767,0.0,0.921,0.0,1.0,0.0,0.0,0.0,0.0002,0.9997
2768,1.0,0.947,0.0057,0.3182,0.6761,0.9985,0.0001,0.0,0.0013
2769,1.0,0.946,0.0043,0.9885,0.0072,0.0002,0.4615,0.0001,0.5383
2770,1.0,0.329,0.0003,0.9997,0.0,0.0,0.0001,0.0,0.9999
2771,0.0481,0.924,0.0001,0.9999,0.0,0.0,0.4108,0.0004,0.5887
2772,0.3175,0.947,0.0,0.0868,0.9132,1.0,0.0,0.0,0.0
2773,0.6003,0.947,0.0011,0.0004,0.9985,0.9994,0.0006,0.0,0.0
2774,0.9997,0.947,0.0,0.9998,0.0002,0.0001,0.0029,0.0001,0.997
2775,1.0,0.947,0.0059,0.9923,0.0018,0.0,0.0003,0.0,0.9997
2776,0.9999,0.337,0.0048,0.9869,0.0082,0.003,0.0077,0.0003,0.989
2777,0.9977,0.943,0.0095,0.8657,0.1248,0.1986,0.7759,0.0,0.0255
2778,0.6244,0.929,0.0,0.9979,0.0021,0.0,0.0011,0.0002,0.9987
2779,0.0,0.921,0.0,1.0,0.0,0.0,0.0002,0.0017,0.9982
2780,0.9996,0.947,0.2059,0.3985,0.3957,0.7956,0.0509,0.0004,0.1531
2781,1.0,0.947,0.0,0.1936,0.8064,0.0,0.0005,0.0,0.9995
2782,0.9989,0.946,0.9996,0.0004,0.0,0.0001,0.0,0.0005,0.9994
2783,0.9996,0.947,0.0058,0.9904,0.0037,0.0,0.9083,0.0002,0.0914
2784,0.9999,0.947,0.0,0.9991,0.0009,0.0,0.0,0.0,1.0
2785,1.0,0.947,0.0136,0.9854,0.001,0.0,0.0001,0.0,0.9999
2786,0.9985,0.947,0.9743,0.0101,0.0156,0.942,0.0003,0.0,0.0576
2787,0.9989,0.347,0.1003,0.8979,0.0018,0.0006,0.0046,0.0002,0.9946
2788,1.0,0.947,0.0349,0.9595,0.0056,0.0,0.8843,0.0001,0.1156
2789,0.9992,0.329,0.0015,0.9981,0.0004,0.0033,0.8965,0.0002,0.1
2790,0.9543,0.946,0.0001,0.9986,0.0013,0.0,0.0002,0.0,0.9998
2791,0.0,0.946,0.0,1.0,0.0,0.0,0.0001,0.0033,0.9966
2792,1.0,0.947,0.2219,0.7775,0.0006,0.0,0.0,0.0,1.0
2793,1.0,0.947,0.1468,0.8528,0.0004,0.0002,0.6203,0.0001,0.3794
2794,0.9999,0.947,0.0,0.9992,0.0008,0.0,0.0,0.0,1.0
2795,1.0,0.344,0.0484,0.9514,0.0001,0.003,0.0062,0.2822,0.7087
2796,0.9929,0.947,0.0096,0.9874,0.003,0.0,0.0013,0.0,0.9987
2797,0.9075,0.947,0.0001,0.9999,0.0,0.0,0.0007,0.0,0.9993
2798,0.001,0.945,0.0077,0.9921,0.0002,0.0089,0.0155,0.0013,0.9744
2799,0.9999,0.943,0.0045,0.0001,0.9954,0.9978,0.0,0.0,0.0022
2800,0.925,0.946,0.0041,0.9943,0.0015,0.0,0.0017,0.0,0.9983
2801,1.0,0.947,0.1027,0.8963,0.001,0.0,0.0001,0.0,0.9999
2802,1.0,0.337,0.0139,0.9799,0.0062,0.0021,0.0102,0.0004,0.9874
2803,0.0656,0.939,0.0027,0.0416,0.9557,0.673,0.0,0.0003,0.3267
2805,0.0001,0.942,0.0,1.0,0.0,0.0,0.0029,0.0002,0.9969
2806,1.0,0.947,0.0707,0.2005,0.7288,0.0057,0.751,0.0001,0.2431
2807,1.0,0.947,0.0,0.9661,0.0339,0.0001,0.2299,0.0003,0.7698
2808,1.0,0.947,0.568,0.4317,0.0003,0.0001,0.4169,0.0,0.583
2809,1.0,0.947,0.042,0.9504,0.0076,0.0,0.002,0.0,0.9979
2810,1.0,0.34,0.0506,0.9445,0.0049,0.0013,0.0077,0.0001,0.9909
2811,1.0,0.334,0.0013,0.9987,0.0,0.0001,0.7492,0.0687,0.182
2812,0.9937,0.947,0.3579,0.3478,0.2943,0.9755,0.0018,0.0001,0.0226
2813,1.0,0.947,0.9997,0.0,0.0003,0.9965,0.002,0.0,0.0015
2814,0.999,0.34,0.0038,0.9932,0.003,0.0023,0.0409,0.0002,0.9566
2815,0.9995,0.342,0.0178,0.9788,0.0034,0.0044,0.0589,0.0036,0.9331
2816,0.8972,0.947,0.0,1.0,0.0,0.0,0.0015,0.0,0.9985
2817,0.9992,0.947,0.0,0.9998,0.0002,0.0,0.0,0.0,1.0
2818,0.9629,0.337,0.0264,0.9732,0.0004,0.0004,0.0083,0.0002,0.9911
2819,1.0,0.947,0.0016,0.966,0.0325,0.0,0.0001,0.0,0.9999
2820,0.9997,0.947,0.0,0.9982,0.0018,0.0,0.0,0.0,1.0
2821,0.9988,0.947,0.0,0.9998,0.0002,0.0,0.0,0.0,1.0
2822,0.4164,0.358,0.1717,0.8282,0.0001,0.0002,0.0155,0.0006,0.9836
2823,1.0,0.347,0.8833,0.1166,0.0001,0.0,0.0092,0.0,0.9908
2824,0.9972,0.947,0.0008,0.9982,0.001,0.0001,0.0485,0.0002,0.9512
2825,1.0,0.946,0.0,0.0001,0.9999,0.6649,0.3351,0.0,0.0
2826,0.3978,0.945,0.117,0.7878,0.0953,0.0,0.0,0.0001,0.9999
2827,0.999,0.947,0.0,0.9977,0.0023,0.0,0.0,0.0,1.0
2828,1.0,0.947,0.0008,0.9923,0.0069,0.0,0.0206,0.0,0.9793
2829,1.0,0.947,0.9881,0.0119,0.0,0.0,0.9999,0.0,0.0
2830,1.0,0.475,0.0019,0.9972,0.0009,0.0,1.0,0.0,0.0
2831,1.0,0.947,0.7947,0.205,0.0002,0.0,0.0024,0.0,0.9976
2832,1.0,0.947,0.0519,0.378,0.5701,0.9847,0.0007,0.0,0.0146
2833,0.9991,0.944,0.8841,0.1149,0.001,0.0007,0.9485,0.0,0.0508
2834,0.9842,0.947,0.0001,0.9982,0.0016,0.0,0.0006,0.0,0.9993
2835,0.9369,0.947,0.0,0.9999,0.0001,0.0002,0.0003,0.0,0.9995
2836,1.0,0.947,0.0,0.9985,0.0015,0.0,0.0,0.0,1.0
2837,0.7985,0.945,0.0035,0.9965,0.0,0.0,0.9987,0.0,0.0013
2838,1.0,0.332,0.0865,0.9134,0.0001,0.0,0.0013,0.0,0.9987
2839,1.0,0.327,0.2631,0.7367,0.0002,0.0,0.0009,0.0,0.9991
2840,0.9994,0.947,0.0003,0.0,0.9997,0.9908,0.0,0.0,0.0092
2841,1.0,0.947,0.0,0.9912,0.0088,0.0,0.0001,0.0,0.9999
2842,0.9889,0.947,0.0001,0.9875,0.0124,0.0004,0.7619,0.0014,0.2363
2843,0.0035,0.93,0.0,1.0,0.0,0.0,0.0003,0.0003,0.9994
2844,0.0001,0.947,0.0,1.0,0.0,0.0,0.0002,0.0002,0.9996
2845,1.0,0.947,0.0003,0.9969,0.0029,0.0001,0.1147,0.0001,0.8851
2846,1.0,0.929,0.0,0.9595,0.0405,0.0002,0.6485,0.0004,0.3509
2847,1.0,0.947,0.879,0.1208,0.0002,0.0002,0.9015,0.0,0.0982
2848,0.9753,0.947,0.0,1.0,0.0,0.0,0.0,0.0,1.0
2849,0.9978,0.947,0.0,0.9997,0.0002,0.0,0.0,0.0,1.0
2850,0.9983,0.943,0.0,1.0,0.0,0.0,0.0041,0.0,0.9958
2851,0.9977,0.334,0.0275,0.9686,0.0039,0.001,0.0027,0.0002,0.9961
2852,0.9997,0.944,0.4229,0.0023,0.5748,0.9058,0.0001,0.0,0.0941
2853,0.0344,0.895,0.0,1.0,0.0,0.0,0.0,0.006,0.994
2854,1.0,0.338,0.3048,0.6948,0.0004,0.0,0.0177,0.0,0.9823
2855,1.0,0.947,0.0003,0.8482,0.1516,0.0,0.0001,0.0,0.9999
2856,1.0,0.946,0.9691,0.0293,0.0017,0.0984,0.8648,0.0,0.0368
2857,1.0,0.947,0.1535,0.8439,0.0026,0.0,0.0002,0.0,0.9998
2858,1.0,0.4,0.0017,0.9978,0.0005,0.0,0.0029,0.0299,0.9672
2859,0.9886,0.371,0.1538,0.8459,0.0003,0.0001,0.0058,0.0013,0.9927
2860,0.0,0.655,0.0001,0.6386,0.3614,1.0,0.0,0.0,0.0
2861,0.2457,0.947,0.0001,0.9999,0.0,0.0,0.0004,0.0,0.9996
2862,1.0,0.594,1.0,0.0,0.0,0.0001,0.0,0.9786,0.0214
2863,0.9934,0.947,0.0814,0.1222,0.7964,0.8866,0.0771,0.0002,0.0361
2864,1.0,0.329,0.013,0.9837,0.0033,0.0009,0.0026,0.0001,0.9964
2865,0.9822,0.946,0.0,0.9604,0.0395,0.7371,0.0001,0.0037,0.259
2866,0.0005,0.929,0.0,1.0,0.0,0.0,0.0019,0.0069,0.9912
2867,1.0,0.49,0.0986,0.3521,0.5493,0.0124,0.0025,0.0,0.9851
2868,0.7397,0.947,0.0,0.9999,0.0001,0.0,0.0005,0.0,0.9995
2869,1.0,0.947,0.3756,0.6191,0.0053,0.0003,0.9045,0.0,0.0952
2870,0.9999,0.946,0.0068,0.9643,0.0288,0.0025,0.9974,0.0,0.0001
2871,0.0,0.947,0.0,1.0,0.0,0.0,0.0006,0.0005,0.9989
2872,0.9957,0.947,0.0,1.0,0.0,0.0,0.0,0.0,1.0
2873,1.0,0.947,0.0055,0.9927,0.0018,0.0,0.0137,0.0001,0.9862
2874,1.0,0.329,0.0067,0.9907,0.0026,0.0014,0.0071,0.0003,0.9912
2875,0.0763,0.944,0.0,1.0,0.0,0.0,0.0,0.0,1.0
2876,1.0,0.329,0.0335,0.9619,0.0047,0.0064,0.046,0.0007,0.947
2878,1.0,0.947,0.1749,0.1411,0.684,0.972,0.0032,0.0001,0.0247
2879,0.1821,0.942,0.0006,0.9994,0.0,0.0009,0.1204,0.0245,0.8542
2880,0.9888,0.947,0.0012,0.9985,0.0004,0.0,0.0011,0.0,0.9989
2881,0.0109,0.947,0.0,1.0,0.0,0.0,0.0008,0.0001,0.9991
2882,1.0,0.921,0.5192,0.477,0.0038,0.8484,0.0012,0.0,0.1504
2883,0.9947,0.946,0.139,0.8369,0.0241,0.9164,0.0816,0.0,0.002
2884,1.0,0.93,0.0,0.9886,0.0114,0.0002,0.9032,0.0001,0.0966
2885,1.0,0.947,0.0126,0.9822,0.0052,0.0048,0.9952,0.0,0.0
2886,0.9788,0.947,0.0,0.9999,0.0001,0.0,0.0,0.0,1.0
2887,0.9998,0.947,0.0005,0.0,0.9995,0.9987,0.0,0.0,0.0013
2888,1.0,0.337,0.0107,0.9827,0.0066,0.004,0.0151,0.0005,0.9804
2889,1.0,0.947,0.0043,0.983,0.0128,0.0,0.0,0.0,0.9999
2890,1.0,0.947,0.0152,0.7057,0.279,0.9405,0.0002,0.0,0.0593
2891,1.0,0.947,0.0023,0.4726,0.5251,0.0,0.3414,0.0001,0.6585
2892,1.0,0.947,0.8458,0.1537,0.0005,0.0,0.9997,0.0,0.0003
2893,1.0,0.329,0.0205,0.9777,0.0018,0.0008,0.0038,0.0001,0.9953
2894,0.0001,0.922,0.0,0.0318,0.9682,1.0,0.0,0.0,0.0
2895,0.3969,0.922,0.0,0.0,1.0,1.0,0.0,0.0,0.0
2896,0.9825,0.947,0.0,0.0,1.0,1.0,0.0,0.0,0.0
2897,0.964,0.946,0.9978,0.0017,0.0005,0.0152,0.0,0.0011,0.9837
2898,0.9995,0.947,0.9218,0.0129,0.0653,0.997,0.0,0.0,0.003
2899,0.9566,0.945,0.1021,0.8874,0.0105,0.597,0.1783,0.0009,0.2238
2900,1.0,0.332,0.3045,0.695,0.0005,0.0029,0.0031,0.0,0.9939
2901,0.9318,0.929,0.0,0.9999,0.0001,0.0,0.6369,0.0011,0.3619
2902,1.0,0.407,0.0001,0.9999,0.0,0.0,0.0002,0.0011,0.9988
2903,0.0,0.947,0.0005,0.009,0.9905,0.9992,0.0,0.0,0.0008
2904,0.0,0.906,0.0,1.0,0.0,0.0,0.0,0.0002,0.9998
2905,0.9997,0.947,0.0,0.9994,0.0006,0.0,0.0,0.0,1.0
2906,0.8496,0.946,0.087,0.9128,0.0002,0.0106,0.9599,0.0,0.0295
2907,0.9992,0.947,0.0,0.0,0.9999,0.9956,0.0,0.0,0.0044
2908,0.9995,0.372,0.065,0.9341,0.0009,0.0026,0.1807,0.0072,0.8095
2909,0.9958,0.947,0.0,0.9996,0.0004,0.0,0.0001,0.0,0.9999
2910,0.0003,0.681,0.0,0.7966,0.2034,0.9997,0.0,0.0003,0.0
2911,1.0,0.947,0.0734,0.9019,0.0246,0.9367,0.0024,0.0,0.0609
2912,1.0,0.341,0.0098,0.9902,0.0001,0.0035,0.8613,0.0065,0.1287
2913,1.0,0.947,0.0356,0.9626,0.0017,0.0,0.0,0.0,1.0
2914,0.9995,0.947,0.4121,0.1032,0.4847,0.009,0.0,0.0,0.9909
2915,0.9979,0.947,0.1903,0.2314,0.5783,0.7026,0.0001,0.0305,0.2667
2916,0.9815,0.947,0.053,0.9437,0.0032,0.9649,0.0265,0.0,0.0085
2917,0.9892,0.946,0.0002,0.9987,0.0011,0.0,0.0002,0.0,0.9998
2918,1.0,0.692,0.0,1.0,0.0,0.0115,0.0472,0.0,0.9413
2919,1.0,0.345,0.0082,0.9918,0.0,0.0,0.0001,0.9995,0.0004
2920,1.0,0.947,0.9838,0.0161,0.0,0.0008,0.9908,0.0001,0.0083
2921,0.9999,0.947,0.9888,0.01,0.0012,0.0057,0.9826,0.0,0.0118
2922,1.0,0.947,0.0,0.0028,0.9972,1.0,0.0,0.0,0.0
2923,0.4172,0.947,0.0,0.0,1.0,1.0,0.0,0.0,0.0
2924,0.9999,0.329,0.0479,0.9485,0.0037,0.004,0.0669,0.0011,0.928
2925,0.0486,0.947,0.0006,0.9994,0.0,0.0,0.039,0.0007,0.9603
2926,0.9136,0.947,0.9983,0.0004,0.0012,0.2432,0.0,0.0004,0.7565
2927,1.0,0.947,0.4688,0.5295,0.0017,0.0,0.0002,0.0,0.9998
2928,1.0,0.947,0.0001,0.981,0.0189,0.0,0.0046,0.0001,0.9952
2929,0.2588,0.947,0.0036,0.9963,0.0001,0.0,0.2607,0.0003,0.739
2930,1.0,0.947,0.9997,0.0002,0.0,0.0005,0.9397,0.0,0.0598
2931,0.993,0.947,0.0475,0.0229,0.9296,0.9588,0.0202,0.0002,0.0208
2932,1.0,0.947,0.0522,0.9474,0.0004,0.0,0.0,0.0,1.0
2933,0.0001,0.947,0.0,1.0,0.0,0.0,0.0023,0.0001,0.9976
2934,0.991,0.945,0.8182,0.1299,0.0519,0.9924,0.0004,0.0,0.0072
2935,0.9989,0.947,0.0003,0.8024,0.1973,0.0,0.0001,0.0,0.9999
2936,0.9997,0.947,0.0,0.9998,0.0002,0.0,0.0,0.0,0.9999
2937,1.0,0.947,0.1574,0.8275,0.0152,0.0001,0.0463,0.0001,0.9535
2938,1.0,0.947,0.0002,0.453,0.5469,0.0,0.3918,0.0007,0.6074
2939,0.0231,0.947,0.0,1.0,0.0,0.0,0.0288,0.0003,0.9709
2940,0.9998,0.947,0.1394,0.2117,0.6488,0.9993,0.0002,0.0,0.0005
2941,0.9898,0.947,0.0002,0.9932,0.0066,0.0,0.0615,0.0036,0.9349
2942,0.9751,0.946,0.0003,0.9992,0.0005,0.0,0.0002,0.0,0.9998
2943,0.8868,0.946,0.0038,0.9899,0.0063,0.0002,0.0,0.0016,0.9982
2944,0.9984,0.947,0.9418,0.0573,0.0009,0.603,0.379,0.0003,0.0176
2945,1.0,0.947,0.0247,0.9726,0.0027,0.0,0.0639,0.0001,0.936
2946,0.9972,0.947,0.0,1.0,0.0,0.0,0.0,0.0,1.0
2947,0.9969,0.947,0.5889,0.1085,0.3026,0.9754,0.0,0.0,0.0246
2948,0.0451,0.947,0.0,1.0,0.0,0.0,0.0,0.0001,0.9999
2949,0.9697,0.947,0.0,0.0,1.0,1.0,0.0,0.0,0.0
2950,1.0,0.946,0.0054,0.0023,0.9923,0.1045,0.8955,0.0,0.0001
2952,1.0,0.947,0.0001,0.9988,0.0012,0.0,0.0,0.0,1.0
2953,1.0,0.342,0.6208,0.3789,0.0003,0.0167,0.2632,0.0002,0.7199
2954,0.999,0.946,0.0,0.0013,0.9987,0.6972,0.0005,0.0,0.3023
2955,0.9943,0.917,0.0,0.9999,0.0001,0.0,0.9887,0.0002,0.0111
2956,1.0,0.947,0.8889,0.0921,0.019,0.0015,0.6185,0.0001,0.3799
2957,1.0,0.946,0.0097,0.0017,0.9887,0.9904,0.0046,0.0,0.0049
2958,0.9432,0.946,0.0017,0.9976,0.0007,0.0,0.0,0.0002,0.9998
2959,1.0,0.947,0.0065,0.9919,0.0016,0.0,0.9732,0.0,0.0267
2960,1.0,0.947,0.0,0.997,0.003,0.0,0.0,0.0,1.0
2961,0.0,0.896,0.0001,0.9999,0.0,0.0,0.0008,0.0011,0.998
2962,0.9997,0.947,0.0,0.9999,0.0001,0.0,0.0,0.0,1.0
2963,1.0,0.341,0.0143,0.9857,0.0,0.0,0.004,0.0001,0.9959
2964,0.0,0.939,0.0,1.0,0.0,0.0,0.0,0.0001,0.9999
2966,0.9959,0.945,0.1313,0.8617,0.007,0.0147,0.9799,0.0,0.0054
2967,0.0485,0.391,0.0029,0.8469,0.1502,0.9982,0.0,0.0017,0.0
2968,0.0041,0.685,0.0,0.1211,0.8789,1.0,0.0,0.0,0.0
2969,1.0,0.369,0.0,1.0,0.0,0.0,0.0,0.0,1.0
2970,1.0,0.352,0.0136,0.9864,0.0,0.0,0.0003,0.0,0.9997
2971,1.0,0.947,0.1927,0.8035,0.0038,0.0,0.0005,0.0,0.9995
2972,1.0,0.947,0.0004,0.998,0.0017,0.0,0.0,0.0,1.0
2973,0.9999,0.339,0.0657,0.9334,0.0009,0.0026,0.1874,0.0147,0.7953
2974,0.0,0.93,0.0,1.0,0.0,0.0,0.0003,0.0085,0.9912
2975,1.0,0.947,0.0,0.9793,0.0206,0.0,0.0001,0.0,0.9998
2976,0.9946,0.947,0.0107,0.7531,0.2363,0.9768,0.0071,0.0001,0.0161
2977,0.0086,0.947,0.0001,0.9999,0.0,0.0,0.0013,0.0,0.9987
2978,1.0,0.947,0.082,0.9022,0.0158,0.0001,0.0019,0.0,0.998
2979,0.9945,0.945,0.1318,0.8651,0.0031,0.0002,0.992,0.0,0.0078
2980,1.0,0.947,0.9653,0.0344,0.0004,0.0,0.0139,0.0,0.986
2981,1.0,0.342,0.5997,0.3995,0.0007,0.0,0.0014,0.0,0.9985
2982,0.9996,0.339,0.0339,0.9655,0.0005,0.0021,0.1465,0.0141,0.8373
2983,0.9478,0.947,0.0,0.9994,0.0006,0.0,0.0003,0.0,0.9997
2984,0.9867,0.947,0.2781,0.6218,0.1001,0.9968,0.0011,0.0,0.002
2985,0.8312,0.374,0.0004,0.4538,0.5457,0.9999,0.0,0.0001,0.0
2986,1.0,0.333,0.0087,0.9913,0.0,0.0,0.0016,0.0,0.9983
2987,1.0,0.329,0.0237,0.9694,0.0069,0.0096,0.0877,0.0011,0.9016
2988,0.9604,0.947,0.2899,0.5188,0.1913,0.9971,0.0004,0.0,0.0025
2989,0.9944,0.364,0.8784,0.1215,0.0002,0.002,0.3031,0.006,0.6889
2990,0.9629,0.944,0.0333,0.807,0.1597,0.008,0.3012,0.0009,0.6899
2991,0.1958,0.919,0.0,0.9998,0.0002,0.0,0.0,0.0001,0.9999
2992,0.9997,0.947,0.0009,0.9991,0.0,0.0,0.0023,0.0,0.9977
2993,0.0001,0.93,0.0,1.0,0.0,0.0,0.0001,0.0002,0.9997
2994,0.3881,0.947,0.0,0.012,0.9879,0.9927,0.0001,0.0,0.0071
2995,0.9986,0.947,0.0025,0.9969,0.0007,0.0,0.0034,0.0,0.9966
2996,0.0,0.917,0.0,1.0,0.0,0.0,0.0005,0.0007,0.9988
2997,0.9878,0.947,0.0,0.9989,0.0011,0.0,0.0003,0.0,0.9997
2998,0.8635,0.941,0.0,1.0,0.0,0.0,0.0018,0.0,0.9981
2999,0.0,0.917,0.0,1.0,0.0,0.0,0.0,0.0002,0.9998
3000,0.1547,0.383,0.7475,0.2525,0.0,0.0,0.0568,0.0015,0.9416
3001,1.0,0.947,0.0077,0.9895,0.0028,0.0001,0.3986,0.0001,0.6012
3002,0.9969,0.947,0.0861,0.8302,0.0837,0.0939,0.8996,0.0,0.0065
3003,1.0,0.947,0.0,0.9937,0.0063,0.0,1.0,0.0,0.0
3004,1.0,0.947,0.0076,0.9806,0.0118,0.0,0.0004,0.0,0.9996
3005,1.0,0.947,0.01,0.9891,0.0009,0.0,0.0,0.0,1.0
3006,0.9991,0.947,0.0,0.9998,0.0002,0.0003,0.1526,0.0,0.8471
3007,0.9996,0.947,0.0162,0.8477,0.1361,0.0362,0.9638,0.0,0.0
3008,0.9891,0.945,0.4479,0.5512,0.0009,0.0557,0.8927,0.0,0.0515
3009,0.9494,0.947,0.4391,0.3278,0.2331,0.9933,0.0001,0.0,0.0066
3010,1.0,0.339,0.0127,0.9838,0.0035,0.002,0.0131,0.0003,0.9846
3011,1.0,0.947,0.548,0.4498,0.0022,0.0004,0.4608,0.0,0.5388
3012,0.009,0.92,0.0,0.9999,0.0001,0.0,0.0,0.0,0.9999
3013,0.9981,0.946,0.0041,0.9944,0.0015,0.0,0.0167,0.0,0.9833
3014,0.0001,0.682,0.0,0.4362,0.5638,0.9998,0.0,0.0002,0.0
3015,1.0,0.947,0.004,0.9939,0.0021,0.0,0.9551,0.0001,0.0448
3016,0.9979,0.947,0.0,0.9999,0.0001,0.0,0.0003,0.0,0.9997
3017,0.9997,0.947,0.5295,0.4086,0.062,0.0004,0.9995,0.0,0.0001
3018,0.9999,0.947,0.0,0.9998,0.0002,0.0001,0.0355,0.0,0.9644
3019,0.9969,0.947,0.0,1.0,0.0,0.0,0.0,0.0,1.0
3020,1.0,0.904,0.0,0.9924,0.0076,0.0,0.0,0.0,1.0
3021,0.0051,0.947,0.0,1.0,0.0,0.0,0.0025,0.0,0.9975
3022,1.0,0.947,0.0053,0.9437,0.051,0.0,0.0,0.0,1.0
3023,0.0008,0.947,0.0,1.0,0.0,0.0,0.0009,0.0,0.9991
3024,0.9553,0.947,0.0164,0.3333,0.6503,0.6345,0.3214,0.0001,0.044
3025,1.0,0.349,0.054,0.946,0.0,0.0,0.7042,0.0,0.2957
3026,0.2225,0.947,0.0,0.0,1.0,1.0,0.0,0.0,0.0
3027,0.8294,0.947,0.0001,0.9999,0.0,0.0,0.005,0.0,0.995
3028,0.4762,0.947,0.0021,0.9979,0.0,0.0016,0.9913,0.0,0.0071
3029,0.9784,0.945,0.1622,0.8301,0.0077,0.1127,0.7628,0.0002,0.1243
3030,0.9945,0.999,0.0,0.9696,0.0304,0.0,0.0002,0.0,0.9998
3031,0.0956,0.947,0.0,0.9999,0.0,0.0,0.0051,0.0,0.9949
3032,1.0,0.947,0.5889,0.4015,0.0096,0.0001,0.0128,0.0,0.987
3033,0.9989,0.947,0.0,0.9999,0.0001,0.0,0.0,0.0,1.0
3034,0.0104,0.947,0.0007,0.9993,0.0,0.0,0.0005,0.0,0.9995
3035,1.0,0.364,0.0,1.0,0.0,0.0,0.0025,0.0002,0.9973
3036,0.9958,0.947,0.0,0.9763,0.0237,0.0,0.001,0.0002,0.9988
3037,0.9934,0.945,0.3751,0.623,0.0019,0.0208,0.4189,0.0003,0.56
3038,0.8222,0.947,0.0,1.0,0.0,0.0,0.0008,0.0,0.9992
3039,0.9981,0.362,0.0479,0.9505,0.0016,0.0006,0.0066,0.0005,0.9923
3040,0.9743,0.947,0.0019,0.0033,0.9948,0.5185,0.0026,0.0006,0.4783
3041,0.8841,0.947,0.0,0.0,1.0,1.0,0.0,0.0,0.0
3042,0.9959,0.947,0.4383,0.4544,0.1073,0.7834,0.0029,0.0004,0.2133
3043,0.0,0.906,0.0002,0.9998,0.0,0.0,0.0005,0.0005,0.9991
3044,0.9661,0.947,0.0001,0.9998,0.0001,0.0,0.0001,0.0,0.9999
3045,0.9931,0.943,0.0278,0.9487,0.0235,0.0889,0.8778,0.0,0.0333
3046,0.968,0.942,0.0004,0.9874,0.0123,0.0017,0.6569,0.0015,0.3398
3047,1.0,0.947,0.0001,0.9958,0.0042,0.0,0.0,0.0,1.0
3048,0.9971,0.947,0.0,0.9983,0.0017,0.0,0.0,0.0,1.0
3049,0.0896,0.947,0.0022,0.9978,0.0,0.0003,0.9749,0.0,0.0248
3050,1.0,0.947,0.3713,0.1041,0.5246,0.0016,0.9984,0.0,0.0
3051,0.9181,0.947,0.0002,0.9991,0.0007,0.0,0.0003,0.0,0.9997
3052,1.0,0.329,0.6991,0.3006,0.0003,0.0,0.0131,0.0,0.9869
3053,1.0,0.947,0.0001,0.6188,0.3811,0.0,0.2294,0.0016,0.769
3054,1.0,0.947,0.9995,0.0005,0.0,0.0,0.9994,0.0,0.0006
3055,0.5112,0.947,0.0,1.0,0.0,0.0,0.0086,0.0,0.9913
3056,1.0,0.946,0.9771,0.0081,0.0148,0.0,0.0,0.0,1.0
3057,0.0023,0.947,0.0,1.0,0.0,0.0,0.0029,0.0001,0.997
3058,0.0339,0.929,0.0,0.9999,0.0001,0.0,0.0,0.0001,0.9998
3059,0.9977,0.947,0.0,0.9997,0.0003,0.0,1.0,0.0,0.0
3060,1.0,0.945,0.1665,0.0008,0.8327,0.9818,0.0,0.0,0.0182
3061,1.0,0.947,0.0042,0.9958,0.0001,0.0,0.0408,0.0,0.9592
3062,0.5177,0.947,0.001,0.999,0.0001,0.0,0.2007,0.0002,0.799
3063,0.9988,0.947,0.0132,0.8752,0.1116,0.0,0.0005,0.0,0.9994
3064,1.0,0.947,0.7008,0.2979,0.0012,0.0,0.0105,0.0,0.9895
3065,0.9999,0.361,0.0001,0.9997,0.0002,0.0001,0.0158,0.0003,0.9839
3066,0.7372,0.947,0.0004,0.9994,0.0003,0.0,0.0003,0.0,0.9997
3067,1.0,0.947,0.0007,0.3337,0.6656,0.0,0.0058,0.0,0.9941
3068,0.0005,0.947,0.0582,0.9415,0.0003,0.0012,0.034,0.0012,0.9636
3069,0.0,0.947,0.0001,0.9999,0.0,0.0,0.0005,0.0003,0.9993
3070,0.9784,0.337,0.0062,0.9932,0.0005,0.0017,0.0467,0.0004,0.9512
3071,1.0,0.332,0.0005,0.9994,0.0,0.0,0.0001,0.0,0.9999
3072,0.9648,0.947,0.0,0.9996,0.0004,0.0,1.0,0.0,0.0
3073,1.0,0.947,0.9509,0.0011,0.048,0.0023,0.0,0.0,0.9976
3074,1.0,0.327,0.2131,0.7866,0.0003,0.0,0.0018,0.0,0.9982
3075,0.9999,0.947,0.0001,0.9995,0.0004,0.0,0.0001,0.0,0.9999
3076,1.0,0.946,0.0226,0.0167,0.9607,0.0099,0.9901,0.0,0.0
3077,0.9976,0.947,0.0,0.9999,0.0001,0.0,0.0,0.0,1.0
3078,0.0064,0.929,0.0,1.0,0.0,0.0,0.0006,0.0005,0.9988
3079,0.8448,0.947,0.0,1.0,0.0,0.0,0.0007,0.0001,0.9992
3080,0.9619,0.947,0.0005,0.9745,0.025,0.0016,0.6218,0.003,0.3735
3081,0.9968,0.947,0.0025,0.9842,0.0133,0.001,0.7109,0.0004,0.2877
3082,0.0491,0.929,0.0,0.9995,0.0004,0.0,0.0004,0.0001,0.9996
3083,0.0001,0.92,0.0,1.0,0.0,0.0,0.0001,0.0105,0.9895
3084,0.9999,0.947,0.0441,0.001,0.9548,0.7593,0.0,0.0,0.2407
3085,0.9978,0.947,0.0,0.9999,0.0001,0.0,0.0,0.0,1.0
3086,1.0,0.947,0.0024,0.9643,0.0333,0.0,0.0227,0.0001,0.9772
3087,1.0,0.35,0.0261,0.9687,0.0052,0.0137,0.5444,0.0009,0.441
3088,0.9998,0.947,0.3857,0.613,0.0014,0.0002,0.8486,0.0,0.1512
3089,1.0,0.339,0.0101,0.9894,0.0005,0.0,0.0,0.0,1.0
3090,0.9999,0.946,0.0001,0.6392,0.3607,0.0,0.0058,0.0001,0.994
3091,1.0,0.947,0.0062,0.0498,0.944,0.9981,0.0006,0.0,0.0013
3092,0.0,0.92,0.0,1.0,0.0,0.0,0.0007,0.0005,0.9989
3093,1.0,0.947,0.0844,0.915,0.0006,0.0,1.0,0.0,0.0
3094,1.0,0.947,0.1778,0.8128,0.0094,0.9687,0.0182,0.0001,0.013
3095,0.0,0.947,0.0,1.0,0.0,0.0,0.0003,0.0061,0.9936
3096,1.0,0.947,0.0545,0.9201,0.0254,0.745,0.2485,0.0,0.0065
3097,1.0,0.947,0.0017,0.9956,0.0027,0.0,0.0001,0.0,0.9999
3098,1.0,0.342,0.126,0.8735,0.0004,0.0,0.0006,0.0,0.9994
3099,1.0,0.947,0.1015,0.8505,0.048,0.0,0.9999,0.0,0.0
3100,0.9999,0.947,0.0,0.9997,0.0003,0.0032,0.9753,0.0001,0.0214
3101,0.9474,0.944,0.2676,0.7323,0.0,0.0,0.9968,0.0,0.0032
3102,0.5864,0.946,0.0,0.9993,0.0007,0.0,0.0002,0.0,0.9998
3103,0.933,0.947,0.0,0.9978,0.0022,0.0,0.0005,0.0,0.9995
3104,1.0,0.947,0.8297,0.1703,0.0001,0.0,1.0,0.0,0.0
3105,0.0791,0.947,0.0,1.0,0.0,0.0,0.0039,0.0,0.996
3106,0.9995,0.947,0.0142,0.9856,0.0002,0.0001,0.5482,0.0001,0.4516
3108,1.0,0.947,0.0596,0.0407,0.8997,0.9933,0.0046,0.0,0.0021
3109,1.0,0.333,0.0047,0.9953,0.0,0.0,0.1616,0.8039,0.0345
3110,0.9956,0.929,0.0012,0.9971,0.0017,0.0,0.9832,0.0001,0.0167
3111,0.9965,0.929,0.0001,0.964,0.0359,0.0007,0.3169,0.0013,0.6811
3112,0.001,0.947,0.0,1.0,0.0,0.0,0.001,0.0,0.999
3113,0.9975,0.947,0.0,0.9998,0.0002,0.0,0.0,0.0,1.0
3114,1.0,0.947,0.0018,0.9971,0.0011,0.0001,0.1936,0.0001,0.8062
3115,1.0,0.947,0.0408,0.5482,0.411,0.9971,0.0007,0.0,0.0022
3116,0.0016,0.945,0.0,0.0074,0.9926,1.0,0.0,0.0,0.0
3117,0.9985,0.334,0.0025,0.9966,0.0009,0.0004,0.0013,0.0001,0.9983
3118,0.9995,0.947,0.0002,0.9994,0.0003,0.0,0.0003,0.0,0.9997
3119,0.9998,0.946,0.0035,0.9962,0.0003,0.8773,0.0977,0.0001,0.025
3120,0.0484,0.947,0.0,1.0,0.0,0.0,0.0043,0.0,0.9957
3121,1.0,0.947,0.9844,0.0152,0.0004,0.0001,0.044,0.0001,0.9559
3122,0.9882,0.947,0.0044,0.6729,0.3227,0.0013,0.0001,0.0,0.9986
3123,0.9915,0.947,0.4996,0.4764,0.024,0.5338,0.4566,0.0,0.0096
3124,0.9988,0.947,0.6565,0.0079,0.3356,0.9978,0.0001,0.0,0.0022
3125,1.0,0.947,0.0011,0.9964,0.0026,0.0,1.0,0.0,0.0
3126,1.0,0.947,0.0002,0.995,0.0048,0.0,0.0471,0.0001,0.9527
3127,0.9837,0.947,0.9268,0.0023,0.0709,0.9477,0.0,0.0,0.0523
3128,1.0,0.947,0.0077,0.7134,0.2789,0.9984,0.0003,0.0,0.0013
3129,0.9973,0.945,0.001,0.0005,0.9985,0.9507,0.0,0.0,0.0492
3130,1.0,0.947,0.0,0.9418,0.0582,0.0025,0.8174,0.0013,0.1788
3131,0.9981,0.947,0.0,1.0,0.0,0.0,0.0,0.0,1.0
3132,1.0,0.947,0.0,0.9967,0.0033,0.0,0.0001,0.0,0.9999
3133,0.0,0.616,0.0,0.1855,0.8145,1.0,0.0,0.0,0.0
3134,1.0,0.947,0.0446,0.9338,0.0216,0.0,0.0,0.0,1.0
3135,1.0,0.946,0.0013,0.1592,0.8395,0.9983,0.0014,0.0,0.0003
3136,0.9993,0.947,0.0001,0.9992,0.0007,0.0,0.0003,0.0,0.9996
3137,1.0,0.947,0.0001,0.9846,0.0153,0.0001,0.7692,0.0,0.2307
3138,0.9983,0.947,0.2632,0.0009,0.7359,0.9446,0.0002,0.0,0.0552
3139,0.9999,0.947,0.8865,0.1092,0.0044,0.3525,0.6441,0.0001,0.0033
3140,0.9975,0.947,0.0,1.0,0.0,0.0,0.0,0.0,1.0
3141,1.0,0.947,0.1722,0.7205,0.1073,0.0096,0.9903,0.0,0.0002
3142,1.0,0.947,0.0421,0.9535,0.0044,0.0002,0.0,0.0749,0.9249
3143,0.9964,0.947,0.0003,0.9995,0.0002,0.0,1.0,0.0,0.0
3144,1.0,0.404,0.0105,0.9891,0.0004,0.0001,0.0013,0.0154,0.9832
3145,0.9951,0.947,0.0,0.9999,0.0001,0.0,0.0004,0.0001,0.9995
3146,0.9952,0.947,0.0,1.0,0.0,0.0,0.0,0.0,1.0
3147,0.9915,0.947,0.0,1.0,0.0,0.0,0.0,0.0,1.0
3148,1.0,0.947,0.9895,0.0105,0.0,0.0,0.0191,0.0,0.9809
3149,1.0,0.947,0.9992,0.0008,0.0,0.0,0.9995,0.0,0.0004
3150,1.0,0.947,0.1966,0.6521,0.1513,0.0025,0.82,0.0001,0.1775
3151,0.9997,0.947,0.0,0.9992,0.0008,0.0,0.0,0.0,1.0
3152,1.0,0.367,0.0256,0.9744,0.0,0.0,0.0005,0.0,0.9995
3153,0.9851,0.947,0.0,1.0,0.0,0.0001,0.0064,0.0,0.9934
3154,0.9952,0.947,0.0008,0.9992,0.0,0.0,0.0092,0.0,0.9907
3155,0.0023,0.947,0.0007,0.9993,0.0,0.0,0.5296,0.0005,0.4699
3156,0.9486,0.947,0.0,0.9998,0.0002,0.0,0.0004,0.0,0.9996
3157,1.0,0.947,0.0003,0.8763,0.1234,0.0005,0.0246,0.0001,0.9748
3158,0.9992,0.947,0.0,0.9969,0.0031,0.0,0.0001,0.0,0.9999
3159,0.007,0.899,0.0004,0.9995,0.0,0.0,0.0003,0.0005,0.9992
3160,0.5501,0.395,0.0039,0.1813,0.8148,0.9996,0.0,0.0003,0.0
3161,1.0,0.947,0.1332,0.8643,0.0024,0.0,0.9808,0.0,0.0191
3162,1.0,0.947,0.0,0.9959,0.0041,0.0,1.0,0.0,0.0
3163,1.0,0.947,0.0001,0.8476,0.1523,0.0,0.4188,0.0004,0.5808
3164,0.9567,0.945,0.0006,0.0001,0.9994,0.9889,0.0,0.0,0.0111
3165,0.9996,0.947,0.0002,0.994,0.0059,0.0,0.7552,0.0004,0.2443
3166,0.9045,0.947,0.0,0.0286,0.9714,0.0154,0.0009,0.0001,0.9837
3167,0.2779,0.947,0.0,0.9999,0.0,0.0,0.0015,0.0,0.9984
3168,1.0,0.947,0.0031,0.9773,0.0196,0.0002,0.2752,0.001,0.7236
3169,0.9743,0.947,0.0,0.9991,0.0009,0.0,0.0029,0.0012,0.996
3170,0.9995,0.329,0.0236,0.9749,0.0015,0.0015,0.0799,0.0003,0.9183
3171,1.0,0.35,0.1892,0.8108,0.0,0.0001,0.1158,0.0,0.8841
3172,0.9986,0.947,0.0,0.9988,0.0012,0.0,0.0,0.0,1.0
3173,0.9999,0.947,0.0001,0.9989,0.001,0.0,0.0003,0.0,0.9997
3174,0.0117,0.947,0.0,1.0,0.0,0.0,0.0015,0.0,0.9984
3175,1.0,0.373,0.0,1.0,0.0,0.0,0.0002,0.0,0.9998
3176,1.0,0.947,0.0007,0.9964,0.0029,0.0,0.0001,0.0,0.9999
3177,0.9997,0.947,0.0,0.9999,0.0001,0.0,0.0,0.0,1.0
3178,1.0,0.947,0.103,0.8967,0.0003,0.0,0.0011,0.0,0.9988
3179,0.0351,0.947,0.0,0.0008,0.9992,1.0,0.0,0.0,0.0
3180,0.8694,0.947,0.0004,0.998,0.0016,0.0,0.0003,0.0,0.9997
3181,1.0,0.947,0.0,0.9651,0.0348,0.0,0.0001,0.0,0.9999
3182,0.9978,0.947,0.0,1.0,0.0,0.0,0.0,0.0,1.0
3183,0.9985,0.947,0.0335,0.0002,0.9663,0.9921,0.0,0.0,0.0079
3184,0.9264,0.946,0.0,0.9999,0.0001,0.0,0.0026,0.0001,0.9973
3185,1.0,0.893,0.0,1.0,0.0,0.0,0.0,0.0001,0.9999
3186,1.0,0.947,1.0,0.0,0.0,0.0,0.0001,0.0,0.9999
3187,0.9674,0.945,0.0008,0.9986,0.0006,0.0006,0.0008,0.0001,0.9985
3188,1.0,0.947,0.0389,0.8301,0.131,0.0029,0.0643,0.0001,0.9328
3189,1.0,0.947,0.9804,0.0195,0.0001,0.0001,0.0246,0.0,0.9753
3190,0.9934,0.946,0.16,0.6378,0.2023,0.9884,0.0028,0.0,0.0088
3191,0.9851,0.947,0.0,0.9999,0.0001,0.0,0.0,0.0,1.0
3192,1.0,0.947,0.0821,0.8831,0.0348,0.0,0.0005,0.0,0.9994
3193,0.0001,0.947,0.0175,0.9825,0.0,0.0,0.0,0.9996,0.0004
3194,0.9944,0.895,0.0,0.9997,0.0003,0.0,0.0174,0.0033,0.9793
3195,1.0,0.947,0.5362,0.4556,0.0082,0.0002,0.9741,0.0,0.0257
3196,0.0014,0.769,0.0,0.9202,0.0798,1.0,0.0,0.0,0.0
3197,0.9826,0.947,0.0003,0.9988,0.0009,0.0,0.0002,0.0,0.9998
3198,0.9898,0.947,0.0001,0.9932,0.0067,0.0,0.0001,0.0,0.9999
3199,1.0,0.947,0.6343,0.333,0.0327,0.0,1.0,0.0,0.0
3200,1.0,0.947,0.0002,0.9893,0.0104,0.0,0.1139,0.0004,0.8858
3201,0.9919,0.945,0.0116,0.9586,0.0298,0.1124,0.8812,0.0,0.0064
3202,1.0,0.947,0.0016,0.8562,0.1422,0.0,0.9992,0.0,0.0008
3203,1.0,0.946,0.4603,0.5386,0.0011,0.0001,0.9997,0.0,0.0002
3204,0.9946,0.946,0.0007,0.9988,0.0005,0.9246,0.0581,0.0,0.0172
3205,0.986,0.947,0.0054,0.9944,0.0002,0.0013,0.998,0.0,0.0007
3206,0.9994,0.947,0.532,0.4673,0.0007,0.0,0.965,0.0,0.0349
3207,0.7513,0.94,0.0,0.9995,0.0004,0.0,0.0002,0.0,0.9998
3208,0.0,0.92,0.0,1.0,0.0,0.0,0.0002,0.0019,0.9979
3209,0.999,0.947,0.0,0.9984,0.0016,0.0,0.0824,0.0003,0.9172
3210,0.9969,0.946,0.0006,0.9974,0.0019,0.0,0.0006,0.0,0.9994
3211,0.9689,0.947,0.0024,0.8707,0.1269,0.0582,0.4163,0.0206,0.5049
3212,0.0253,0.904,0.0065,0.9932,0.0003,0.0,0.0007,0.0003,0.999
3213,1.0,0.947,0.0,0.9804,0.0196,0.0,0.0001,0.0,0.9999
3214,0.0593,0.947,0.0,1.0,0.0,0.0,0.0001,0.0001,0.9999
3215,0.0,0.945,0.0194,0.9806,0.0,0.0,0.0,0.9992,0.0008
3216,0.9998,0.947,0.0094,0.9891,0.0015,0.7905,0.2073,0.0,0.0022
3217,0.9999,0.929,0.0001,0.9793,0.0206,0.0002,0.7934,0.0003,0.2061
3218,0.9999,0.947,0.0016,0.9969,0.0015,0.0,0.0001,0.0,0.9999
3219,0.9985,0.947,0.0,0.9998,0.0001,0.5528,0.4222,0.0,0.0249
3220,0.9996,0.947,0.0,0.9999,0.0001,0.0,0.0004,0.0,0.9996
3221,0.9792,0.947,0.2916,0.7039,0.0045,0.0425,0.957,0.0,0.0005
3222,1.0,0.337,0.0422,0.9409,0.0169,0.0605,0.8415,0.0011,0.0969
3223,1.0,0.947,0.9996,0.0002,0.0002,0.0013,0.8939,0.0,0.1047
3224,0.9999,0.947,0.0009,0.9987,0.0003,0.0,0.0155,0.0,0.9845
3225,1.0,0.947,0.8049,0.1945,0.0006,0.0001,0.0032,0.0,0.9968
3226,0.9999,0.946,0.58,0.4057,0.0143,0.0007,0.9986,0.0,0.0006
3227,0.9557,0.947,0.0001,0.9999,0.0,0.0,0.0007,0.0,0.9993
3228,0.9999,0.947,0.0,0.9998,0.0002,0.0,0.0159,0.0,0.984
3229,0.9998,0.943,0.0001,0.0,0.9999,0.9965,0.0,0.0,0.0035
3230,1.0,0.367,0.0059,0.994,0.0001,0.0001,0.0,0.0,0.9999
3231,0.9788,0.947,0.0,0.9991,0.0009,0.0,0.0,0.0,1.0
3232,1.0,0.947,0.0036,0.9931,0.0033,0.0,0.9996,0.0,0.0003
3233,1.0,0.947,0.0048,0.0583,0.9369,0.9982,0.0008,0.0,0.0011
3234,0.0002,0.906,0.0,1.0,0.0,0.0,0.0001,0.0002,0.9997
3235,0.0008,0.823,0.0,0.8579,0.1421,1.0,0.0,0.0,0.0
3236,0.9758,0.947,0.0,0.9998,0.0002,0.0,0.0,0.0,1.0
3237,1.0,0.36,0.0145,0.9817,0.0038,0.0541,0.6928,0.0012,0.2519
3238,1.0,0.345,0.0985,0.9014,0.0001,0.0,0.0038,0.0,0.9962
3239,1.0,0.947,0.0005,0.8093,0.1902,0.0,0.0,0.0,1.0
3240,0.8826,0.947,0.0,0.1051,0.8949,0.9999,0.0,0.0001,0.0
3241,0.0025,0.947,0.0,1.0,0.0,0.0,0.0004,0.0,0.9996
3242,1.0,0.897,0.0,0.9836,0.0164,0.0001,0.9103,0.0003,0.0893
3243,1.0,0.947,0.0001,0.9999,0.0,0.0001,0.0292,0.0001,0.9707
3244,0.9999,0.947,0.067,0.6006,0.3324,0.9383,0.0566,0.0,0.005
3245,0.9985,0.947,0.0034,0.3293,0.6673,0.4396,0.5604,0.0,0.0
3246,1.0,0.947,0.8045,0.1953,0.0002,0.0,0.9983,0.0,0.0017
3247,0.0011,0.929,0.0,1.0,0.0,0.0,0.0016,0.0015,0.9968
3248,0.9995,0.355,0.0236,0.975,0.0014,0.0014,0.0231,0.0018,0.9737
3249,0.9939,0.947,0.0,0.9999,0.0001,0.0,0.0028,0.0,0.9972
3250,0.9997,0.947,0.0,0.9986,0.0014,0.0,0.0001,0.0,0.9999
3251,1.0,0.947,0.9864,0.0092,0.0043,0.0004,0.038,0.0,0.9615
3252,0.4963,0.947,0.0268,0.9732,0.0001,0.0003,0.9983,0.0,0.0015
3253,0.9995,0.947,0.0009,0.0,0.999,0.9983,0.0,0.0,0.0017
3254,0.8814,0.947,0.0001,0.9991,0.0008,0.0,0.0001,0.0,0.9999
3255,0.0001,0.896,0.0,1.0,0.0,0.0,0.0,0.0002,0.9998
3256,1.0,0.329,0.1246,0.8731,0.0023,0.0004,0.0028,0.0001,0.9967
3257,1.0,0.947,0.0008,0.9931,0.0061,0.0,0.0001,0.0,0.9998
3258,1.0,0.373,0.0,0.9966,0.0034,0.0105,0.0003,0.0,0.9892
3259,0.5859,0.947,0.273,0.7229,0.004,0.011,0.0003,0.0003,0.9884
3260,1.0,0.947,0.8297,0.156,0.0143,0.5983,0.399,0.0,0.0027
3261,1.0,0.946,0.0065,0.9925,0.0011,0.9763,0.004,0.0,0.0197
3262,0.0,0.92,0.0,1.0,0.0,0.0,0.0001,0.0002,0.9998
3263,0.9983,0.947,0.0,0.9998,0.0001,0.0,0.0001,0.0,0.9999
3264,0.9971,0.331,0.0033,0.9953,0.0014,0.0005,0.0018,0.0003,0.9974
3265,1.0,0.428,0.0006,0.4074,0.592,0.7587,0.0001,0.0006,0.2406
3266,0.0,0.929,0.0,1.0,0.0,0.0,0.0001,0.0004,0.9995
3267,0.0015,0.947,0.0001,0.9999,0.0,0.0,0.0002,0.0,0.9998
3268,0.9996,0.946,0.6589,0.3257,0.0154,0.6135,0.3839,0.0001,0.0025
3269,1.0,0.947,0.0239,0.9673,0.0088,0.0002,0.8655,0.0,0.1342
3270,0.9999,0.947,0.0,0.9995,0.0005,0.0,0.0,0.0,1.0
3271,1.0,0.947,0.9963,0.0037,0.0,0.0,1.0,0.0,0.0
3272,1.0,0.376,0.0,1.0,0.0,0.0,0.0,0.0,1.0
3273,0.0,0.791,0.0,1.0,0.0,0.0,0.0005,0.0009,0.9986
3274,1.0,0.947,0.0009,0.9978,0.0013,0.0,0.0866,0.0001,0.9133
3275,0.9997,0.947,0.127,0.4901,0.3829,0.1131,0.036,0.0006,0.8503
3276,0.9998,0.947,0.0001,0.9998,0.0001,0.0,0.011,0.0001,0.9889
3278,0.9914,0.947,0.0,1.0,0.0,0.0649,0.4572,0.0004,0.4775
3279,0.9905,0.339,0.4518,0.5476,0.0005,0.0047,0.1984,0.0055,0.7915
3280,0.9967,0.947,0.0141,0.9629,0.023,0.0,0.0024,0.0,0.9976
3281,1.0,0.947,0.3289,0.6313,0.0398,0.0001,0.9582,0.0,0.0417
3282,0.0001,0.472,0.0,0.0363,0.9637,1.0,0.0,0.0,0.0
3283,1.0,0.947,0.0324,0.9632,0.0044,0.1559,0.8355,0.0001,0.0085
3284,0.9975,0.945,0.0001,0.0,0.9999,0.9939,0.0,0.0,0.0061
3285,0.9988,0.946,0.9145,0.0835,0.002,0.7685,0.2256,0.0002,0.0057
3286,0.0549,0.946,0.0,1.0,0.0,0.0,0.0,0.0049,0.9951
3287,0.9887,0.947,0.0,0.9997,0.0003,0.0,0.0,0.0,1.0
3288,0.0285,0.365,0.0,0.3471,0.6528,1.0,0.0,0.0,0.0
3289,1.0,0.946,0.9872,0.0002,0.0126,0.9804,0.0001,0.0,0.0195
3290,0.2729,0.947,0.0274,0.9726,0.0,0.0,0.9993,0.0,0.0006
3291,0.9925,0.337,0.1478,0.8511,0.0011,0.0004,0.0068,0.0011,0.9917
3292,1.0,0.929,0.0,0.9733,0.0267,0.0001,0.6458,0.0003,0.3538
3293,0.998,0.945,0.0,0.0,1.0,0.9945,0.0,0.0,0.0055
3294,0.9968,0.947,0.0,1.0,0.0,0.0,0.0,0.0,1.0
3295,1.0,0.947,0.065,0.9342,0.0007,0.0,0.0081,0.0,0.9919
3296,1.0,0.947,0.2903,0.7087,0.001,0.0,0.0001,0.0,0.9999
3297,0.9994,0.947,0.0001,0.0121,0.9878,0.703,0.297,0.0,0.0
3298,1.0,0.329,0.1718,0.8282,0.0,0.0,0.0007,0.0,0.9993
3299,1.0,0.947,0.4302,0.5681,0.0018,0.0,0.9288,0.0,0.0712
3300,1.0,0.947,0.0001,0.5186,0.4813,0.0,0.3531,0.0009,0.6459
3301,0.7431,0.947,0.0,0.0,1.0,1.0,0.0,0.0,0.0
3302,0.9997,0.946,0.0,0.0002,0.9998,0.4059,0.5941,0.0,0.0001
3303,1.0,0.947,0.0082,0.9904,0.0014,0.0,0.0,0.0,1.0
3304,0.0417,0.947,0.0001,0.9999,0.0,0.0,0.0006,0.0,0.9994
3305,0.9999,0.946,0.117,0.7706,0.1124,0.0081,0.9908,0.0,0.0011
3306,0.9854,0.947,0.0001,0.9979,0.002,0.0,0.0016,0.0001,0.9983
3307,1.0,0.947,0.0328,0.9528,0.0143,0.8613,0.0588,0.0001,0.0797
3308,0.9995,0.947,0.0,0.9996,0.0004,0.0,0.0,0.0,1.0
3309,1.0,0.947,0.0064,0.9892,0.0044,0.0,0.0687,0.0002,0.9311
3310,1.0,0.334,0.0268,0.9729,0.0003,0.0,0.0001,0.0,0.9998
3311,0.9998,0.947,0.0004,0.9991,0.0006,0.0,0.0,0.0,1.0
3312,0.0016,0.928,0.0,0.9899,0.0101,0.9999,0.0,0.0001,0.0
3313,0.9963,0.947,0.0003,0.9996,0.0001,0.0001,0.2243,0.0001,0.7755
3314,1.0,0.947,0.8628,0.1342,0.0029,0.0,0.0014,0.0,0.9985
3315,0.0,0.929,0.0,1.0,0.0,0.0,0.0002,0.001,0.9988
3316,1.0,0.93,0.1136,0.7865,0.0999,0.0001,0.7893,0.0003,0.2104
3317,0.1577,0.947,0.0015,0.9982,0.0002,0.0,0.022,0.0003,0.9777
3318,1.0,0.947,0.0001,0.942,0.0579,0.0,0.0108,0.0002,0.989
3319,0.9976,0.945,0.4696,0.2098,0.3206,0.9912,0.0004,0.0,0.0084
3320,1.0,0.947,0.0418,0.3694,0.5888,0.982,0.0003,0.0,0.0176
3321,1.0,0.947,0.9994,0.0005,0.0001,0.0001,0.9577,0.0,0.0422
3322,0.9965,0.947,0.0095,0.9711,0.0195,0.8101,0.1731,0.0001,0.0166
3323,0.9995,0.947,0.0,0.9917,0.0082,0.0001,0.6423,0.0003,0.3573
3324,1.0,0.329,0.0,1.0,0.0,0.0,0.0,0.0,1.0
3325,0.1417,0.947,0.0076,0.9924,0.0,0.0008,0.9957,0.0,0.0035
3326,0.9999,0.946,0.3199,0.0858,0.5943,0.9356,0.0501,0.0004,0.014
3327,0.9998,0.947,0.0,0.9952,0.0048,0.0,0.0004,0.0,0.9996
3328,0.9993,0.334,0.0454,0.9521,0.0025,0.0007,0.005,0.0005,0.9938
3329,1.0,0.426,0.0,1.0,0.0,0.0,0.0,0.0,1.0
3330,0.9979,0.946,0.9983,0.0005,0.0012,0.7593,0.0,0.0002,0.2405
3331,0.9996,0.947,0.0115,0.9882,0.0003,0.1136,0.8822,0.0001,0.0041
3332,0.9975,0.947,0.0082,0.978,0.0138,0.0,0.0017,0.0,0.9983
3333,0.9304,0.947,0.0039,0.9956,0.0004,0.0,0.0026,0.0,0.9974
3334,0.9999,0.947,0.007,0.0426,0.9504,0.817,0.1829,0.0,0.0001
3335,0.9998,0.947,0.0,0.0,1.0,1.0,0.0,0.0,0.0
3336,1.0,0.947,0.1323,0.5753,0.2924,0.9862,0.0058,0.0,0.0079
3337,0.7051,0.363,0.0074,0.992,0.0006,0.0005,0.0068,0.0008,0.9919
3338,0.0,0.947,0.0171,0.08,0.9029,0.9999,0.0,0.0,0.0001
3339,0.9904,0.947,0.0033,0.2232,0.7735,0.483,0.5169,0.0,0.0
3340,1.0,0.337,0.0064,0.9918,0.0017,0.0026,0.0317,0.0002,0.9656
3341,0.0042,0.947,0.0,1.0,0.0,0.0,0.0,0.0,1.0
3342,0.9999,0.947,0.6774,0.0216,0.301,0.8395,0.0771,0.0001,0.0833
3343,0.9878,0.947,0.0,0.999,0.001,0.0,0.0021,0.0,0.9979
3344,0.9968,0.947,0.0,0.9996,0.0003,0.0,0.0075,0.0,0.9925
3345,0.9973,0.947,0.0,0.0,0.9999,0.9888,0.0,0.0,0.0112
3346,1.0,0.353,0.0061,0.9894,0.0045,0.0063,0.0817,0.0003,0.9117
3347,1.0,0.947,0.0513,0.9476,0.0011,0.0,0.0,0.0,1.0
3348,1.0,0.333,0.0006,0.9994,0.0,0.0,0.0001,0.0,0.9999
3349,0.9053,0.943,0.0,0.9999,0.0001,0.0,0.0004,0.0,0.9996
3350,0.0796,0.92,0.0,0.9999,0.0001,0.0,0.0,0.0,0.9999
3351,0.9996,0.947,0.0,0.9997,0.0003,0.0,0.0,0.0,1.0
3352,0.9995,0.947,0.0673,0.0099,0.9228,0.9962,0.0003,0.0,0.0035
3353,1.0,0.947,0.0034,0.9557,0.0409,0.0,0.1176,0.0,0.8823
3354,0.9996,0.947,0.0,0.9994,0.0006,0.0,0.0001,0.0,0.9999
3355,1.0,0.947,0.0029,0.9924,0.0047,0.0001,0.0022,0.0001,0.9977
3356,1.0,0.947,0.9669,0.0329,0.0002,0.0001,0.2472,0.0,0.7527
3357,0.9994,0.947,0.0,0.9996,0.0004,0.0,0.0,0.0,1.0
3358,1.0,0.947,0.4729,0.4391,0.088,0.0003,0.0324,0.0,0.9673
3359,0.059,0.895,0.0,1.0,0.0,0.0,0.0012,0.0012,0.9976
3360,0.9976,0.947,0.0,1.0,0.0,0.0,0.0,0.0,1.0
3361,0.0542,0.947,0.0136,0.9853,0.001,0.2381,0.0019,0.0005,0.7595
3362,0.9982,0.946,0.6088,0.1859,0.2053,0.0285,0.0,0.0001,0.9714
3363,1.0,0.929,0.0006,0.9948,0.0046,0.0,0.0004,0.0,0.9996
3364,0.9867,0.947,0.0009,0.9984,0.0006,0.0,0.0008,0.0,0.9992
3365,0.9058,0.946,0.0013,0.0299,0.9689,0.4081,0.001,0.0,0.5909
3366,0.9999,0.361,0.016,0.9801,0.0039,0.0097,0.1314,0.0013,0.8576
3367,0.9935,0.947,0.0,1.0,0.0,0.0,0.0,0.0,1.0
3368,0.9999,0.947,0.0001,0.9947,0.0051,0.0001,0.5629,0.0004,0.4366
3369,0.999,0.947,0.0063,0.991,0.0027,0.0006,0.6882,0.0002,0.311
3370,1.0,0.947,0.9984,0.0016,0.0,0.0001,0.1376,0.0001,0.8623
3371,0.9997,0.947,0.0,0.9997,0.0003,0.0,0.0,0.0,1.0
3372,0.8668,0.944,0.0,1.0,0.0,0.0,0.0,0.902,0.098
3373,0.9997,0.947,0.0,0.9991,0.0009,0.0,0.0004,0.0,0.9996
3374,0.9988,0.946,0.0454,0.9524,0.0022,0.0067,0.0005,0.0003,0.9925
3375,1.0,0.947,0.848,0.1517,0.0004,0.0,0.9862,0.0,0.0138
3376,1.0,0.947,0.0129,0.9864,0.0008,0.0,0.0013,0.0,0.9987
3377,1.0,0.947,0.0001,0.9991,0.0008,0.0,0.0169,0.0001,0.983
3378,0.057,0.929,0.0,1.0,0.0,0.0,0.0004,0.0077,0.992
3379,0.9952,0.947,0.0034,0.9932,0.0035,0.0,0.0901,0.0001,0.9098
3380,1.0,0.947,0.021,0.052,0.927,0.8998,0.0002,0.0,0.1001
3381,1.0,0.946,0.0002,0.0001,0.9997,0.1845,0.8155,0.0,0.0
3382,1.0,0.947,0.0027,0.0012,0.9961,0.9711,0.0254,0.0,0.0035
3383,1.0,0.945,0.0229,0.0003,0.9768,0.9727,0.0002,0.0,0.0271
3384,1.0,0.947,0.1398,0.2171,0.6431,0.0006,0.9994,0.0,0.0
3385,0.9947,0.947,0.0,0.9987,0.0013,0.0,0.0001,0.0,0.9998
3386,1.0,0.378,0.0002,0.9998,0.0,0.0,0.0261,0.8147,0.1592
3387,0.8885,0.946,0.0008,0.9992,0.0,0.0,0.9996,0.0,0.0004
3388,1.0,0.945,0.7469,0.0004,0.2527,0.3212,0.0004,0.0,0.6783
3389,0.9763,0.947,0.0,0.9999,0.0001,0.0,0.0006,0.0,0.9994
3390,0.0009,0.929,0.0,1.0,0.0,0.0,0.0001,0.0002,0.9997
3391,1.0,0.947,0.0001,0.9786,0.0213,0.0001,0.1136,0.001,0.8853
3392,0.9999,0.947,0.1593,0.8363,0.0044,0.0001,0.9447,0.0,0.0551
3393,0.0005,0.929,0.0,1.0,0.0,0.0,0.0005,0.0003,0.9992
3394,1.0,0.947,0.5098,0.0001,0.4901,0.2787,0.0006,0.0,0.7208
3395,0.9995,0.329,0.0078,0.9911,0.0011,0.0056,0.2712,0.0005,0.7226
3396,0.9999,0.339,0.0154,0.9838,0.0008,0.0032,0.1469,0.0179,0.8321
3397,1.0,0.947,0.8743,0.1255,0.0003,0.0,0.077,0.0,0.9229
3398,1.0,0.947,0.362,0.6219,0.0161,0.0,0.9988,0.0,0.0012
3399,1.0,0.947,0.1958,0.801,0.0032,0.0,0.0036,0.0001,0.9963
3400,1.0,0.384,0.025,0.9711,0.0039,0.0032,0.0425,0.0012,0.9531
3401,0.9863,0.337,0.0507,0.942,0.0073,0.0004,0.0026,0.0005,0.9965
3402,0.1596,0.947,0.0001,0.9999,0.0,0.0,0.0115,0.0,0.9884
3403,0.8813,0.947,0.0044,0.0005,0.9951,0.9938,0.0062,0.0,0.0
3404,0.9981,0.947,0.3335,0.0824,0.5841,0.9978,0.0,0.0,0.0022
3405,0.9993,0.947,0.0,0.9999,0.0001,0.0,0.0,0.0,1.0
3406,0.6749,0.352,0.9897,0.0102,0.0,0.0007,0.9768,0.0015,0.021
3407,1.0,0.947,0.7749,0.223,0.0021,0.0,0.0012,0.0,0.9987
3408,1.0,0.947,0.8373,0.1615,0.0012,0.0,0.0172,0.0001,0.9827
3409,0.9998,0.943,0.5909,0.379,0.0301,0.0044,0.9773,0.0001,0.0182
3410,1.0,0.947,0.0076,0.9909,0.0015,0.0,0.9994,0.0,0.0006
3411,0.9998,0.947,0.0001,0.9996,0.0003,0.0003,0.1823,0.0,0.8174
